Entity,Code,Year,CO₂ from gas (million tonnes),CO₂ from solid fuel (million tonnes),CO₂ from liquid (million tonnes),CO₂ from cement (million tonnes),CO₂ from flaring (million tonnes)
Africa,,1884,0,0.02202,0,0,0
Africa,,1885,0,0.0367,0,0,0
Africa,,1886,0,0.04771,0,0,0
Africa,,1887,0,0.04771,0,0,0
Africa,,1888,0,0.08074,0,0,0
Africa,,1889,0,0.13212,0,0,0
Africa,,1890,0,0.29727,0,0,0
Africa,,1891,0,0.29727,0,0,0
Africa,,1892,0,0.48077,0,0,0
Africa,,1893,0,1.80197,0,0,0
Africa,,1894,0,2.43688,0,0,0
Africa,,1895,0,3.34337,0,0,0
Africa,,1896,0,4.26454,0,0,0
Africa,,1897,0,4.78568,0,0,0
Africa,,1898,0,6.05917,0,0,0
Africa,,1899,0,5.52702,0,0,0
Africa,,1900,0,2.33412,0,0,0
Africa,,1901,0,3.91589,0,0,0
Africa,,1902,0,5.8353,0,0,0
Africa,,1903,0,7.90885,0,0,0
Africa,,1904,0,8.92544,0,0,0
Africa,,1905,0,10.27967,0,0,0
Africa,,1906,0,11.73666,0,0,0
Africa,,1907,0,12.95143,0,0,0
Africa,,1908,0,13.42486,0,0,0
Africa,,1909,0,15.41033,0,0,0
Africa,,1910,0,17.43984,0,0,0
Africa,,1911,0,16.882,0.01101,0,0
Africa,,1912,0,17.89859,0.08441,0,0
Africa,,1913,0,19.5978,0.04037,0,0
Africa,,1914,0,19.27484,0.30828,0,0
Africa,,1915,0,19.54642,0.09175,0,0
Africa,,1916,0,23.10999,0.1835,0,0
Africa,,1917,0,24.95967,0.42572,0,0
Africa,,1918,0,23.89537,0.86979,0,0
Africa,,1919,0,24.79452,0.69363,0,0
Africa,,1920,0,27.63877,0.45875,0,0
Africa,,1921,0,27.46995,0.56151,0,0
Africa,,1922,0,23.47699,0.53582,0,0
Africa,,1923,0,28.61866,0.47343,0,0
Africa,,1924,0,30.17841,0.50646,0,0
Africa,,1925,0,31.67577,0.56151,0,0
Africa,,1926,0,33.95851,0.53582,0,0
Africa,,1927,0,33.3236,0.57252,0,0
Africa,,1928,0,33.87043,0.82575,0.12845,0
Africa,,1929,0,34.64847,0.84777,0.37067,0
Africa,,1930,0,32.60795,0.88447,0.26424,0
Africa,,1931,0,28.35075,0.89181,0.26424,0
Africa,,1932,0,25.3964,0.83676,0.43673,0
Africa,,1933,0,27.33783,0.73767,0.46976,0
Africa,,1934,0,31.37116,0.68262,0.53949,0
Africa,,1935,0,34.80261,0.55784,0.61656,0
Africa,,1936,0,37.82669,0.56151,0.6973,0
Africa,,1937,0,40.64525,0.53582,0.734,0
Africa,,1938,0,42.62338,0.70464,0.75602,0
Africa,,1939,0.1101,44.03266,2.06254,0.74134,0
Africa,,1940,0.09175,46.10988,2.86994,0.65693,0
Africa,,1941,0.09909,49.52298,3.76909,0.72666,0
Africa,,1942,0.10643,54.3894,3.64798,0.77804,0
Africa,,1943,0.11744,55.32525,3.9636,0.81474,0
Africa,,1944,0.13212,61.47617,4.17279,0.97989,0
Africa,,1945,0.13579,62.40468,4.15811,0.94686,0
Africa,,1946,0.13579,63.04693,3.94892,1.15605,0
Africa,,1947,0.13579,62.52579,4.1104,1.29551,0
Africa,,1948,0.13946,64.46722,5.82062,1.43864,0
Africa,,1949,0.13946,68.68405,7.0831,1.56709,0
Africa,,1950,0.00367,69.11711,23.93207,2.06254,0
Africa,,1951,0.00367,72.8862,26.16343,2.31577,0
Africa,,1952,0.00734,79.53991,28.67371,2.38917,0
Africa,,1953,0.01468,79.20961,30.36558,2.69011,0
Africa,,1954,0.02202,81.93642,32.7731,3.10849,0
Africa,,1955,0.02202,91.84909,34.36221,3.50485,0
Africa,,1956,0.02936,95.77966,36.05775,3.62229,0
Africa,,1957,0.02202,99.49737,38.69281,3.79111,0
Africa,,1958,0.01835,103.33252,41.63982,4.02599,0
Africa,,1959,0.0367,101.87186,42.05453,4.22784,0
Africa,,1960,0.04771,103.72154,48.7376,4.4407,0
Africa,,1961,0.49912,105.19321,52.35989,4.34161,0
Africa,,1962,0.74134,106.84471,54.63162,4.50309,0
Africa,,1963,0.71932,109.366,60.69079,4.8444,1.14871
Africa,,1964,1.45332,115.7885,69.6199,5.36921,1.87904
Africa,,1965,2.12493,125.09929,76.25893,5.74722,4.9545
Africa,,1966,2.36348,124.04233,84.16411,5.95274,5.20039
Africa,,1967,2.32311,127.3123,81.2538,6.15092,20.79422
Africa,,1968,2.36715,132.72188,86.17894,7.11246,29.71966
Africa,,1969,2.89563,135.41199,93.99237,8.18777,38.3882
Africa,,1970,0.81841,140.32612,98.66428,8.89241,55.02798
Africa,,1971,1.69554,150.15805,115.59032,9.59338,56.06659
Africa,,1972,4.42235,154.1767,119.68237,10.16957,64.76082
Africa,,1973,5.36921,154.5437,128.64451,10.77879,80.13445
Africa,,1974,5.11965,157.49805,134.56055,11.25222,81.49969
Africa,,1975,6.43351,162.45622,144.21999,11.08707,64.41584
Africa,,1976,8.89975,172.18539,151.31043,11.4137,77.92511
Africa,,1977,13.54597,176.98208,160.2689,12.23945,71.67143
Africa,,1978,34.49066,178.97122,166.15191,12.98813,71.8219
Africa,,1979,19.68955,197.68455,182.08338,13.98637,87.86347
Africa,,1980,34.68884,212.74623,198.86996,15.91312,76.3727
Africa,,1981,29.44808,237.72792,214.49682,17.30038,52.62413
Africa,,1982,24.02382,250.63898,236.7884,18.48212,45.02356
Africa,,1983,30.47935,261.37006,244.46971,20.13362,41.34622
Africa,,1984,47.64761,286.52791,252.05927,20.919,45.63645
Africa,,1985,48.92844,295.1781,253.02815,20.81257,51.48643
Africa,,1986,58.45209,306.28719,255.63752,19.95012,53.1049
Africa,,1987,67.98308,313.03265,246.05148,21.7264,44.93548
Africa,,1988,69.06573,323.24626,264.04182,23.59076,49.31379
Africa,,1989,71.52096,313.99419,270.2221,24.63304,22.08239
Africa,,1990,76.08277,295.51574,249.75451,25.00004,20.99974
Africa,,1991,78.60039,306.52941,263.0289,26.80568,21.00341
Africa,,1992,74.49733,288.08766,284.03598,27.50298,23.55773
Africa,,1993,82.05753,318.42021,276.55285,27.30847,21.99431
Africa,,1994,85.93305,330.46515,265.39972,28.76179,22.00165
Africa,,1995,101.92324,346.70857,272.05343,30.7546,24.29907
Africa,,1996,108.39712,352.75306,282.15694,31.52163,23.99446
Africa,,1997,95.61451,359.79212,296.89199,32.57492,23.60177
Africa,,1998,113.52778,354.40823,317.87338,33.36764,23.16504
Africa,,1999,115.24167,365.46961,298.71965,34.37689,23.79261
Africa,,2000,116.14082,369.28641,317.11736,36.17886,55.52343
Africa,,2001,120.91182,371.02599,295.21847,38.33682,58.14014
Africa,,2002,139.02694,360.11875,289.0492,40.69663,67.92069
Africa,,2003,140.54632,389.96319,327.22454,41.02326,62.91481
Africa,,2004,149.72132,416.52665,350.0446,45.22174,73.50643
Africa,,2005,181.34938,413.18695,336.36284,49.48995,73.3633
Africa,,2006,179.83734,419.54706,369.80021,55.21882,71.75584
Africa,,2007,194.76323,430.79928,380.54964,60.55133,75.04783
Africa,,2008,196.71567,455.09835,407.94619,65.52785,70.67319
Africa,,2009,194.6568,446.40779,438.75217,70.43831,59.38427
Africa,,2010,202.09589,443.45711,433.11138,71.55399,62.95885
Africa,,2011,222.769,436.4364,437.36491,72.06779,55.43902
Africa,,2012,234.12765,435.97398,455.50939,82.208,57.09419
Africa,,2013,228.54558,426.75494,477.47801,81.81531,53.98937
Asia,,1858,0,0.43673,0,0,0
Asia,,1859,0,0.70464,0,0,0
Asia,,1860,0,0.71198,0,0,0
Asia,,1861,0,0.5505,0,0,0
Asia,,1862,0,0.60922,0,0,0
Asia,,1863,0,0.67528,0,0,0
Asia,,1864,0,0.63858,0,0,0
Asia,,1865,0,0.62757,0,0,0
Asia,,1866,0,0.70831,0,0,0
Asia,,1867,0,1.95611,0,0,0
Asia,,1868,0,1.78362,0.0734,0,0
Asia,,1869,0,1.96712,0.1101,0,0
Asia,,1870,0,1.92308,0.09909,0,0
Asia,,1871,0,2.17998,0.22754,0,0
Asia,,1872,0,2.53597,0.15047,0,0
Asia,,1873,0,2.69378,0.29727,0,0
Asia,,1874,0,2.4956,0.20552,0,0
Asia,,1875,0,2.67543,0.35599,0,0
Asia,,1876,0,3.01674,0.34498,0,0
Asia,,1877,0,3.29566,0.43673,0,0
Asia,,1878,0,3.75441,0.63491,0,0
Asia,,1879,0,4.20215,0.65693,0,0
Asia,,1880,0,4.52878,0.71932,0,0
Asia,,1881,0,5.33985,0.82208,0,0
Asia,,1882,0,5.79493,1.31386,0,0
Asia,,1883,0,6.04449,0.93218,0,0
Asia,,1884,0,7.4501,1.29918,0,0
Asia,,1885,0,8.28686,1.39093,0,0
Asia,,1886,0,8.94012,1.84968,0,0
Asia,,1887,0,10.22095,1.95978,0,0
Asia,,1888,0,11.34764,1.81665,0,0
Asia,,1889,0,13.01749,1.94877,0,0
Asia,,1890,0,14.05977,3.33236,0,0
Asia,,1891,0,15.62686,2.62405,0,0
Asia,,1892,0,17.69307,4.29757,0,0
Asia,,1893,0,19.60147,5.01689,0,0
Asia,,1894,0,20.42722,5.60409,0,0
Asia,,1895,0,38.13497,5.98944,0,0
Asia,,1896,0,40.73333,6.59866,0,0
Asia,,1897,0,49.96705,7.03906,0,0
Asia,,1898,0,46.79984,8.16208,0,0
Asia,,1899,0,45.67315,7.1932,0,0
Asia,,1900,0,55.88676,7.77673,0,0
Asia,,1901,0,41.65817,7.16751,0,0
Asia,,1902,0,45.74655,7.71067,0,0
Asia,,1903,0,51.10475,7.55653,0,0
Asia,,1904,0,53.55998,7.91986,0,0
Asia,,1905,0,56.77857,8.54376,0,0
Asia,,1906,0,61.14587,8.51073,0,0
Asia,,1907,0,67.55736,8.42999,0,0
Asia,,1908,0,75.69375,8.96948,0,0
Asia,,1909,0,70.02727,9.40988,0,0
Asia,,1910,0.14313,71.84025,9.93102,0,0
Asia,,1911,0.15047,73.13209,10.4595,0,0
Asia,,1912,0.33397,80.74,11.69262,0,0
Asia,,1913,0.42205,88.18276,11.93851,0,0
Asia,,1914,0.65693,86.54227,12.33854,0,0
Asia,,1915,0.55417,83.46681,12.24312,0,0
Asia,,1916,0.53215,90.58661,13.70378,0,0
Asia,,1917,0.71565,93.09322,15.62686,0.44407,0
Asia,,1918,0.93218,96.91736,18.86013,0.57986,0
Asia,,1919,0.80373,99.61481,18.3133,0.57986,0
Asia,,1920,1.25881,95.10438,17.3591,0.63124,0
Asia,,1921,1.31753,88.9241,17.45085,0.60188,0
Asia,,1922,1.64783,91.70596,18.55185,0.60922,0
Asia,,1923,1.7983,103.40592,19.87672,0.68629,0
Asia,,1924,1.78729,114.44161,20.49328,0.83676,0
Asia,,1925,1.72123,122.62204,22.28057,1.23679,0
Asia,,1926,1.91941,124.53411,25.45145,1.3212,0
Asia,,1927,2.06988,126.50123,26.69558,0.32296,0
Asia,,1928,2.33412,139.26916,30.85736,0.60922,0
Asia,,1929,2.46257,162.53329,30.75093,0.52481,0
Asia,,1930,0.2202,182.96051,29.82242,2.202,0
Asia,,1931,0.16148,177.60598,15.414,2.09557,0
Asia,,1932,0.09909,155.13457,23.43295,2.08823,0
Asia,,1933,0.11377,154.11064,13.36247,1.75793,0
Asia,,1934,0.06973,110.26148,5.73621,1.19642,0
Asia,,1935,0.12845,92.54639,2.95068,1.2111,0
Asia,,1936,0.14313,97.48621,9.92368,1.25514,0
Asia,,1937,0.81841,92.23444,14.87084,1.36891,0
Asia,,1938,2.3488,131.85943,31.17665,1.92675,0
Asia,,1939,1.5414,151.77285,28.51957,2.44422,0
Asia,,1940,1.83867,178.54917,32.49051,3.3397,0
Asia,,1941,2.39651,211.08739,37.96615,4.35262,0
Asia,,1942,2.96169,217.19427,41.25814,5.20039,0
Asia,,1943,3.40209,247.31396,49.76887,6.1289,0
Asia,,1944,4.10306,283.12949,63.92406,6.16193,0
Asia,,1945,4.66824,309.34063,70.00525,7.45377,0
Asia,,1946,5.15268,359.30034,70.01259,8.41898,0
Asia,,1947,5.23709,634.53199,78.52699,10.57327,0
Asia,,1948,5.9821,834.13595,88.60481,12.98813,0
Asia,,1949,8.19878,904.79446,93.35746,14.54054,0
Asia,,1950,9.51264,690.13983,103.04259,12.57342,0
Asia,,1951,9.63375,598.27973,108.5586,13.36247,0.04404
Asia,,1952,9.90533,605.34081,118.68413,15.09471,0.13579
Asia,,1953,10.56226,601.83229,130.92725,16.2581,0.4771
Asia,,1954,12.53672,653.9206,147.52299,17.70041,0.75235
Asia,,1955,13.67075,696.59536,174.65897,18.79407,0.83309
Asia,,1956,15.13508,617.56558,191.57767,18.69498,1.45699
Asia,,1957,16.44894,655.08766,230.66684,21.02543,1.37258
Asia,,1958,17.58664,747.06153,272.72871,23.43295,1.26248
Asia,,1959,15.94615,923.24722,338.38868,24.72846,14.50751
Asia,,1960,19.06932,1030.06991,380.81388,33.66491,15.49841
Asia,,1961,22.44572,1051.79264,418.81306,34.85032,19.02528
Asia,,1962,27.46261,1081.55267,464.71742,37.92211,20.45291
Asia,,1963,32.79512,1088.26877,482.74813,38.34783,21.41445
Asia,,1964,38.17534,1246.77974,520.93448,43.80512,20.28042
Asia,,1965,42.63806,1263.32043,591.1269,57.57496,22.04936
Asia,,1966,49.76887,1370.58719,641.98576,63.7112,30.68487
Asia,,1967,55.77666,1480.39726,711.13223,70.75393,35.49257
Asia,,1968,57.84654,1531.80662,738.66457,76.40206,35.27604
Asia,,1969,63.15336,1536.94462,739.74355,80.95286,25.97259
Asia,,1970,62.58451,1558.61597,722.03947,85.99911,23.41093
Asia,,1971,67.58672,1697.96587,730.04007,93.77584,22.70262
Asia,,1972,69.88781,1815.40954,762.92327,106.23549,22.72831
Asia,,1973,86.18261,1977.47307,762.24065,114.19939,22.29525
Asia,,1974,95.54111,2169.9609,791.6924,127.02971,16.91136
Asia,,1975,100.20935,2285.53654,831.32473,143.55939,16.44527
Asia,,1976,114.36821,2447.89,865.97687,157.08701,18.00135
Asia,,1977,122.86793,2639.36858,947.79585,176.99309,21.1392
Asia,,1978,133.34945,2702.48524,1014.72564,184.64504,22.9742
Asia,,1979,160.2689,2802.3386,1049.48421,193.01631,22.14111
Asia,,1980,175.64987,2931.0455,1130.22054,218.97055,23.42928
Asia,,1981,197.21112,3016.95286,1235.8358,256.02287,19.75928
Asia,,1982,222.40567,3186.75642,1321.35047,295.32123,22.55582
Asia,,1983,244.80368,3372.09142,1372.96168,329.51095,19.94645
Asia,,1984,286.25266,3589.59397,1476.26117,366.27334,19.35925
Asia,,1985,312.36471,3738.7024,1606.58654,387.04187,19.81066
Asia,,1986,337.06014,3726.89601,1711.92655,398.4886,19.6345
Asia,,1987,314.86398,3420.073,1602.61193,391.50092,20.68779
Asia,,1988,361.76291,3420.64185,1678.11484,415.7009,13.49826
Asia,,1989,359.04344,3520.41814,1810.63487,436.06206,15.07636
Asia,,1990,396.88481,3611.95528,1802.92053,478.85426,20.51163
Asia,,1991,431.50759,3787.14273,1830.51159,526.76978,18.58488
Asia,,1992,458.40502,4559.69241,1895.66143,606.19592,16.82328
Asia,,1993,494.90317,5233.27687,2055.73949,663.69014,14.26162
Asia,,1994,521.0299,5733.17858,2050.78866,725.26173,23.57975
Asia,,1995,559.92456,6298.60447,2092.99733,820.53493,20.19234
Asia,,1996,602.6507,6681.19463,2169.92787,891.06132,18.21788
Asia,,1997,654.15548,7160.32781,2255.8756,923.61422,20.13362
Asia,,1998,710.35052,7537.86438,2349.15232,1060.34374,22.47508
Asia,,1999,800.44902,8555.18838,2407.34751,1163.99922,31.28675
Asia,,2000,857.83681,9566.03483,2448.32306,1323.49008,28.78014
Asia,,2001,894.06705,9878.96472,2565.32633,1394.57431,20.9557
Asia,,2002,952.84944,9785.36137,2637.96664,1508.60855,21.08415
Europe,,1751,0,9.36584,0,0,0
Europe,,1752,0,9.36951,0,0,0
Europe,,1753,0,9.36951,0,0,0
Europe,,1754,0,9.37318,0,0,0
Europe,,1755,0,9.37685,0,0,0
Europe,,1756,0,10.02277,0,0,0
Europe,,1757,0,10.02644,0,0,0
Europe,,1758,0,10.03011,0,0,0
Europe,,1759,0,10.03378,0,0,0
Europe,,1760,0,10.03378,0,0,0
Europe,,1761,0,10.99165,0,0,0
Europe,,1762,0,10.99532,0,0,0
Europe,,1763,0,10.99899,0,0,0
Europe,,1764,0,11.00266,0,0,0
Europe,,1765,0,11.00633,0,0,0
Europe,,1766,0,12.27982,0,0,0
Europe,,1767,0,12.28349,0,0,0
Europe,,1768,0,12.28716,0,0,0
Europe,,1769,0,12.29083,0,0,0
Europe,,1770,0,12.2945,0,0,0
Europe,,1771,0,13.63405,0,0,0
Europe,,1772,0,13.63772,0,0,0
Europe,,1773,0,13.64139,0,0,0
Europe,,1774,0,13.64506,0,0,0
Europe,,1775,0,13.64873,0,0,0
Europe,,1776,0,15.06168,0,0,0
Europe,,1777,0,15.06535,0,0,0
Europe,,1778,0,15.06902,0,0,0
Europe,,1779,0,15.07269,0,0,0
Europe,,1780,0,15.08003,0,0,0
Europe,,1781,0,16.87099,0,0,0
Europe,,1782,0,16.87466,0,0,0
Europe,,1783,0,16.882,0,0,0
Europe,,1784,0,16.88567,0,0,0
Europe,,1785,0,16.89301,0,0,0
Europe,,1786,0,19.17942,0,0,0
Europe,,1787,0,19.18676,0,0,0
Europe,,1788,0,19.19043,0,0,0
Europe,,1789,0,19.19777,0,0,0
Europe,,1790,0,19.20511,0,0,0
Europe,,1791,0,21.45115,0,0,0
Europe,,1792,0,21.92825,0,0,0
Europe,,1793,0,21.9466,0,0,0
Europe,,1794,0,21.91357,0,0,0
Europe,,1795,0,21.92458,0,0,0
Europe,,1796,0,22.98521,0,0,0
Europe,,1797,0,24.13025,0,0,0
Europe,,1798,0,25.13216,0,0,0
Europe,,1799,0,26.46804,0,0,0
Europe,,1800,0,27.88099,0,0,0
Europe,,1801,0,27.73419,0,0,0
Europe,,1802,0,36.54953,0,0,0
Europe,,1803,0,31.23904,0,0,0
Europe,,1804,0,34.02824,0,0,0
Europe,,1805,0,33.12909,0,0,0
Europe,,1806,0,34.76591,0,0,0
Europe,,1807,0,36.5532,0,0,0
Europe,,1808,0,34.72554,0,0,0
Europe,,1809,0,34.74022,0,0,0
Europe,,1810,0,37.01929,0,0,0
Europe,,1811,0,39.1956,0,0,0
Europe,,1812,0,40.58653,0,0,0
Europe,,1813,0,40.76269,0,0,0
Europe,,1814,0,41.63248,0,0,0
Europe,,1815,0,42.95368,0,0,0
Europe,,1816,0,47.07509,0,0,0
Europe,,1817,0,48.78898,0,0,0
Europe,,1818,0,48.93945,0,0,0
Europe,,1819,0,49.26241,0,0,0
Europe,,1820,0,49.97439,0,0,0
Europe,,1821,0,50.68637,0,0,0
Europe,,1822,0,52.68285,0,0,0
Europe,,1823,0,55.73629,0,0,0
Europe,,1824,0,57.60065,0,0,0
Europe,,1825,0,59.71457,0,0,0
Europe,,1826,0,60.19901,0,0,0
Europe,,1827,0,64.56998,0,0,0
Europe,,1828,0,65.14617,0,0,0
Europe,,1829,0,64.7021,0,0,0
Europe,,1830,0,87.17351,0,0,0
Europe,,1831,0,82.39517,0,0,0
Europe,,1832,0,82.21901,0,0,0
Europe,,1833,0,83.41176,0,0,0
Europe,,1834,0,85.23942,0,0,0
Europe,,1835,0,86.26702,0,0,0
Europe,,1836,0,100.20568,0,0,0
Europe,,1837,0,99.54508,0,0,0
Europe,,1838,0,103.17838,0,0,0
Europe,,1839,0,106.26485,0,0,0
Europe,,1840,0,113.23785,0,0,0
Europe,,1841,0,116.59223,0,0,0
Europe,,1842,0,122.78352,0,0,0
Europe,,1843,0,125.29013,0,0,0
Europe,,1844,0,132.32919,0,0,0
Europe,,1845,0,144.23834,0,0,0
Europe,,1846,0,145.2953,0,0,0
Europe,,1847,0,157.55677,0,0,0
Europe,,1848,0,157.24849,0,0,0
Europe,,1849,0,165.51333,0,0,0
Europe,,1850,0,177.3344,0,0,0
Europe,,1851,0,174.38739,0,0,0
Europe,,1852,0,180.97137,0,0,0
Europe,,1853,0,187.25074,0,0,0
Europe,,1854,0,222.2185,0,0,0
Europe,,1855,0,222.1818,0.0367,0,0
Europe,,1856,0,237.42331,0.04037,0,0
Europe,,1857,0,238.95737,0.05138,0,0
Europe,,1858,0,242.19798,0.06239,0,0
Europe,,1859,0,255.40998,0.05505,0,0
Europe,,1860,0,282.03583,0.06239,0,0
Europe,,1861,0,300.1326,0.06973,0,0
Europe,,1862,0,304.01179,0.13212,0,0
Europe,,1863,0,319.56892,0.17983,0,0
Europe,,1864,0,344.38913,0.19084,0,0
Europe,,1865,0,368.3579,0.23121,0,0
Europe,,1866,0,380.23035,0.38168,0,0
Europe,,1867,0,397.81332,0.49912,0,0
Europe,,1868,0,401.3512,0.65693,0,0
Europe,,1869,0,419.97278,0.73767,0,0
Europe,,1870,0,425.25758,0.9175,0,0
Europe,,1871,0,453.01379,1.08632,0,0
Europe,,1872,0,488.78161,1.08999,0,0
Europe,,1873,0,513.46236,1.54874,0,0
Europe,,1874,0,475.03746,1.69187,0,0
Europe,,1875,0,523.66863,2.08823,0,0
Europe,,1876,0,528.95343,2.62038,0,0
Europe,,1877,0,526.8652,3.18923,0,0
Europe,,1878,0,532.09128,3.35805,0,0
Europe,,1879,0,548.00073,3.91222,0,0
Europe,,1880,0,618.02433,4.09939,0,0
Europe,,1881,0,632.58322,5.52702,0,0
Europe,,1882,0,654.1041,5.87567,0,0
Europe,,1883,0,690.92888,6.40415,0,0
Europe,,1884,0,683.82743,8.04097,0,0
Europe,,1885,0,683.73201,9.75486,0,0
Europe,,1886,0,681.76489,9.66311,0,0
Europe,,1887,0,706.108,11.41737,0,0
Europe,,1888,0,747.25971,12.51837,0,0
Europe,,1889,0,782.17976,12.95877,0,0
Europe,,1890,0,816.45389,14.81212,0,0
Europe,,1891,0,843.26324,17.51691,0,0
Europe,,1892,0,828.44378,18.36835,0,0
Europe,,1893,0,801.48396,20.90799,0,0
Europe,,1894,0,874.49861,19.92443,0,0
Europe,,1895,0,893.43214,25.13216,0,0
Europe,,1896,0,935.67751,25.59091,0,0
Europe,,1897,0,981.10844,28.17826,0,0
Europe,,1898,0,1010.92352,31.50695,0,0
Europe,,1899,0,1079.4938,33.37865,0,0
Europe,,1900,0,1132.76385,37.56245,0,0
Europe,,1901,0,1116.9278,41.21777,0,0
Europe,,1902,0.00367,1117.44894,40.30761,0,0
Europe,,1903,0.00367,1167.5371,38.26709,0,0
Europe,,1904,0.00367,1189.34057,40.1865,0,0
Europe,,1905,0.00367,1231.17123,32.95293,0,0
Europe,,1906,0.01101,1268.10611,36.39906,0,0
Europe,,1907,0.01101,1408.83226,39.73876,0,0
Europe,,1908,0.01101,1429.54941,41.92975,0,0
Europe,,1909,0.01468,1428.65393,45.01622,0,0
Europe,,1910,0.01468,1448.94169,45.00521,0,0
Europe,,1911,0.01468,1485.46553,44.05468,0,0
Europe,,1912,0.01101,1540.3357,44.64188,0,0
Europe,,1913,0.05505,1672.89243,45.84564,0,0
Europe,,1914,0.04037,1485.79216,44.19047,0,0
Europe,,1915,0.04771,1403.70527,44.64922,0,0
Europe,,1916,0.15047,1470.4956,42.86927,0,0
Europe,,1917,0.10643,1446.98558,43.50785,0,0
Europe,,1918,0.11744,1317.81993,34.26312,0,0
Europe,,1919,0.3303,1111.03745,31.02985,0,0
Europe,,1920,0.97989,1309.69455,21.22361,0,0
Europe,,1921,1.03127,1191.21961,21.73741,0,0
Europe,,1922,1.10834,1334.69092,27.92503,0,0
Europe,,1923,1.09366,1265.65455,33.31993,0,0
Europe,,1924,1.47901,1457.48912,38.72584,0,0
Europe,,1925,1.77628,1430.64307,53.27739,0,0
Europe,,1926,1.83867,1214.59017,52.9948,0,0
Europe,,1927,2.03318,1572.46655,55.44636,0,0
Europe,,1928,2.23136,1560.44363,56.85564,15.93514,0
Europe,,1929,2.71213,1689.43312,64.45988,17.11321,0
Europe,,1930,3.90488,1570.3563,95.98885,16.38288,0
Europe,,1931,4.73063,1449.86286,110.04495,15.14242,0
Europe,,1932,5.10864,1347.61666,109.96788,13.43587,0
Europe,,1933,5.47564,1391.47683,116.72068,13.23402,0
Europe,,1934,6.60233,1521.5453,134.41742,16.1847,0
Europe,,1935,7.04273,1598.28867,143.24744,18.49313,0
Europe,,1936,8.28319,1697.87045,152.82981,20.9557,0
Europe,,1937,8.26117,1844.80257,156.24291,21.90623,0
Europe,,1938,8.11804,1841.01513,164.37563,22.83841,0
Europe,,1939,7.57488,1898.14602,155.39514,17.38846,0
Europe,,1940,8.81534,2049.2179,143.39057,13.58634,0
Europe,,1941,3.20758,1970.72761,128.76929,19.09134,0
Europe,,1942,3.71404,1863.23698,126.02046,13.06887,0
Europe,,1943,3.18556,1945.30552,113.90579,14.33502,0
Europe,,1944,2.52129,1699.74582,138.86546,6.78216,0
Europe,,1945,8.87039,1132.00783,86.18261,7.46478,0
Europe,,1946,9.87964,1514.43284,114.38656,13.97903,0
Europe,,1947,11.36966,1713.76889,162.88928,17.53526,0
Europe,,1948,15.17178,1811.30648,203.74372,23.20908,0
Europe,,1949,19.90241,1966.22819,232.72204,27.30847,0
Europe,,1950,21.21627,2064.06305,275.26468,32.48317,0
Europe,,1951,23.94308,2260.87781,321.40759,36.60458,0
Europe,,1952,26.40565,2308.76397,353.11272,39.7828,0
Europe,,1953,31.28675,2343.95193,388.22361,44.53912,0
Europe,,1954,34.77325,2461.63415,445.94537,48.24582,0
Europe,,1955,40.75535,2648.84085,522.241,54.39307,0
Europe,,1956,50.14688,2776.60089,598.50727,57.5456,0
Europe,,1957,67.15733,2850.51836,660.7101,60.97705,0
Europe,,1958,88.12771,2787.52281,738.41501,64.5186,0
Europe,,1959,109.31095,2763.52468,822.86171,73.07337,0
Europe,,1960,135.21014,2851.12024,927.21082,80.63357,0
Europe,,1961,167.28594,2850.15503,1017.58457,88.59013,0
Europe,,1962,202.57666,2887.19267,1165.88927,95.48606,0.31929
Europe,,1963,239.92625,2999.24511,1321.00182,100.57635,0.45141
Europe,,1964,284.54611,3007.63473,1473.138,112.34604,0.53215
Europe,,1965,327.95854,2984.23481,1619.83524,117.94646,0.40737
Europe,,1966,365.37052,2943.5235,1779.88027,126.05716,0.2202
Europe,,1967,409.03618,2885.54484,1914.00042,132.2668,0.26424
Europe,,1968,462.94848,2891.03883,2091.73852,139.22879,0.46609
Europe,,1969,515.61665,2946.67236,2279.92144,145.04574,1.82766
Europe,,1970,538.47708,2914.04973,2559.79564,152.85917,3.29933
Europe,,1971,632.06942,2879.47833,2694.45161,159.37709,31.1583
Europe,,1972,708.38707,2827.37901,2902.37913,167.88048,31.32712
Europe,,1973,774.09475,2862.91195,3105.30811,176.15266,36.23391
Europe,,1974,850.15917,2856.23989,3062.5049,177.56194,39.10385
Europe,,1975,920.27819,2861.04025,3018.59335,178.18584,41.81598
Europe,,1976,1006.20757,2977.53339,3202.08601,183.91471,45.6181
Europe,,1977,1054.0607,2965.38202,3215.05946,189.04537,49.23305
Europe,,1978,1108.76572,2975.22496,3396.3648,192.91722,53.32877
Europe,,1979,1176.43318,3077.39409,3448.48247,191.54097,38.64877
Europe,,1980,1208.898,3172.68197,3346.62162,191.69511,33.86309
Europe,,1981,1262.847,3019.88886,3168.06511,186.82502,32.31802
Europe,,1982,1283.13843,3032.22373,3093.24849,183.0229,30.5711
Europe,,1983,1354.27404,3034.723,3030.86583,184.72211,28.98933
Europe,,1984,1434.68741,3027.86744,3006.72824,180.35114,27.96173
Europe,,1985,1536.23264,3317.9002,2990.4261,175.59849,28.02412
Europe,,1986,1492.21833,3336.60986,3033.39446,179.88138,24.35045
Europe,,1987,1643.47004,3356.09389,3053.63084,181.33837,24.54863
Europe,,1988,1716.95445,3329.77632,3056.98155,187.49296,41.13703
Europe,,1989,1773.50181,3246.79395,3061.91036,191.12626,39.96997
Europe,,1990,1810.18346,2892.69033,2952.29847,183.20273,27.91035
Europe,,1991,1842.61525,2628.9678,2956.81624,169.38518,25.92855
Europe,,1992,1931.82928,2714.61459,2598.48845,157.95313,17.87657
Europe,,1993,1913.46827,2493.78335,2477.58764,140.92433,18.87848
Europe,,1994,1814.33056,2341.82333,2275.06603,134.37338,19.22713
Europe,,1995,1843.48871,2269.32248,2255.4352,130.60062,19.7813
Europe,,1996,1935.64241,2227.73771,2250.07333,123.1285,20.30978
Europe,,1997,1884.29911,2063.65935,2201.18893,127.60223,18.29495
Europe,,1998,1906.37416,1993.9477,2225.56507,131.7897,21.34839
Europe,,1999,1952.74461,1930.70259,2164.86694,135.38997,23.80362
Europe,,2000,1989.45929,1971.82127,2125.81814,139.23613,22.387
Europe,,2001,2041.4008,1965.71806,2186.32543,139.47468,23.96877
Europe,,2002,2035.69028,1956.96144,2166.52211,141.662,30.32521
Europe,,2003,2137.56214,2017.46139,2185.7786,149.30294,25.77808
Europe,,2004,2181.09201,1993.98073,2192.70389,158.2504,26.40932
Europe,,2005,2216.39007,1964.32713,2169.91319,162.41585,30.75093
Europe,,2006,2215.94967,2039.55112,2183.83717,179.67953,34.89803
Europe,,2007,2233.31978,2017.62287,2129.22757,188.42881,37.02663
Europe,,2008,2256.29398,1966.78236,2123.23079,172.17805,34.3512
Europe,,2009,2093.66527,1704.15716,2030.54494,139.6068,29.5068
Europe,,2010,2309.88699,1817.32161,2042.65594,138.70398,36.50549
Europe,,2011,2235.01165,1858.46965,2028.93748,145.99994,37.57346
Europe,,2012,2179.2827,1951.17385,1995.18082,137.15524,37.91844
Europe,,2013,2171.18301,1879.44737,1947.6323,137.09652,38.535
Latin America and the Carribean,,1884,0,0,0.00367,0,0
Latin America and the Carribean,,1885,0,0,0.00367,0,0
Latin America and the Carribean,,1886,0,0,0.00734,0,0
Latin America and the Carribean,,1887,0,1.08632,0.00734,0,0
Latin America and the Carribean,,1888,0,0.89181,0.00734,0,0
Latin America and the Carribean,,1889,0,1.75793,0.00734,0,0
Latin America and the Carribean,,1890,0,1.37258,0.01101,0,0
Latin America and the Carribean,,1891,0,1.46066,0.04771,0,0
Latin America and the Carribean,,1892,0,1.96712,0.06606,0,0
Latin America and the Carribean,,1893,0,2.08823,0.04771,0,0
Latin America and the Carribean,,1894,0,2.53597,0.04037,0,0
Latin America and the Carribean,,1895,0,3.28832,0.04037,0,0
Latin America and the Carribean,,1896,0,3.42411,0.04037,0,0
Latin America and the Carribean,,1897,0,3.4131,0.04037,0,0
Latin America and the Carribean,,1898,0,3.85717,0.06239,0,0
Latin America and the Carribean,,1899,0,4.39299,0.08441,0,0
Latin America and the Carribean,,1900,0,4.05535,0.11744,0,0
Latin America and the Carribean,,1901,0,7.60057,0.12845,0,0
Latin America and the Carribean,,1902,0,8.70524,0.11377,0,0
Latin America and the Carribean,,1903,0,9.10527,0.14313,0,0
Latin America and the Carribean,,1904,0,10.22095,0.17983,0,0
Latin America and the Carribean,,1905,0,10.67236,0.26424,0,0
Latin America and the Carribean,,1906,0,13.83223,0.43673,0,0
Latin America and the Carribean,,1907,0,14.19556,0.78171,0,0
Latin America and the Carribean,,1908,0,16.57005,2.11392,0,0
Latin America and the Carribean,,1909,0,15.31491,1.84234,0,0
Latin America and the Carribean,,1910,0,19.31521,2.19099,0,0
Latin America and the Carribean,,1911,0,21.24563,6.48856,0,0
Latin America and the Carribean,,1912,0,21.14654,7.72535,0,0
Latin America and the Carribean,,1913,0,21.38509,11.75134,0,0
Latin America and the Carribean,,1914,0.00367,17.78115,9.88698,0,0
Latin America and the Carribean,,1915,0.01101,14.59559,15.17545,0,0
Latin America and the Carribean,,1916,0.01468,12.65783,18.59222,0,0
Latin America and the Carribean,,1917,0.02569,10.01176,27.55069,0,0
Latin America and the Carribean,,1918,0.02936,10.73475,31.71614,0,0
Latin America and the Carribean,,1919,0.02936,12.38258,42.31143,0,0
Latin America and the Carribean,,1920,0.0367,13.99371,78.07191,0,0
Latin America and the Carribean,,1921,0.04771,13.212,92.6308,0,0
Latin America and the Carribean,,1922,0.06239,15.07636,88.72959,0,0
Latin America and the Carribean,,1923,0.07707,17.75913,75.32308,0,0
Latin America and the Carribean,,1924,0.12845,20.78688,73.10273,0,0
Latin America and the Carribean,,1925,1.34322,20.7355,63.46898,0,0
Latin America and the Carribean,,1926,0.2936,19.89874,65.16452,0,0
Latin America and the Carribean,,1927,0.26057,21.67135,53.18564,0,0
Latin America and the Carribean,,1928,0.29727,20.52264,66.61417,0.34865,0
Latin America and the Carribean,,1929,2.14328,21.49886,72.50452,0.43673,0
Latin America and the Carribean,,1930,1.01659,20.67678,74.4643,0.32663,0
Latin America and the Carribean,,1931,1.04962,16.05992,65.5095,0.41838,0
Latin America and the Carribean,,1932,2.32311,14.67266,67.76655,0.46609,0
Latin America and the Carribean,,1933,4.13609,16.18103,72.14853,0.51747,0
Latin America and the Carribean,,1934,3.07546,18.04172,82.90897,0.67161,0
Latin America and the Carribean,,1935,4.41134,20.27675,92.48767,0.95053,0
Latin America and the Carribean,,1936,4.56181,20.57035,95.03098,1.08999,0
Latin America and the Carribean,,1937,7.03539,22.53747,116.6326,1.33588,0
Latin America and the Carribean,,1938,7.50882,21.57593,118.17033,1.52672,0
Latin America and the Carribean,,1939,4.60585,20.98873,117.82168,1.56709,0
Latin America and the Carribean,,1940,5.09396,19.68588,112.74974,1.64783,0
Latin America and the Carribean,,1941,6.01146,16.87833,125.86632,1.85702,0
Latin America and the Carribean,,1942,5.71052,16.17736,93.47123,1.83867,0
Latin America and the Carribean,,1943,5.13433,17.27102,117.15374,1.80931,0
Latin America and the Carribean,,1944,5.80961,16.61042,139.88572,1.9818,0
Latin America and the Carribean,,1945,6.01146,17.59031,154.29781,2.12126,0
Latin America and the Carribean,,1946,6.53994,19.05831,228.96396,2.3121,0
Latin America and the Carribean,,1947,7.54552,21.01442,183.92572,2.64974,0
Latin America and the Carribean,,1948,7.24091,22.89713,193.52277,2.80388,0
Latin America and the Carribean,,1949,7.83545,19.78864,83.22459,3.17088,0
Latin America and the Carribean,,1950,4.88844,20.12261,103.31417,3.64431,30.55275
Latin America and the Carribean,,1951,7.09778,23.72288,119.54658,4.0003,37.23582
Latin America and the Carribean,,1952,8.15474,22.55949,125.13599,4.38932,39.7461
Latin America and the Carribean,,1953,8.85571,21.25664,128.25916,4.83339,36.5165
Latin America and the Carribean,,1954,9.70348,22.51545,141.48951,5.35086,38.72584
Latin America and the Carribean,,1955,10.44482,22.88612,158.5073,5.97109,41.52605
Latin America and the Carribean,,1956,11.27791,23.27514,172.54138,6.77482,45.64746
Latin America and the Carribean,,1957,13.01015,22.60353,185.74604,7.35101,50.05146
Latin America and the Carribean,,1958,15.76632,22.82373,180.15663,7.61525,47.08977
Latin America and the Carribean,,1959,17.66371,22.76501,201.71054,7.86114,46.64937
Latin America and the Carribean,,1960,20.77587,24.49358,202.8776,8.30154,43.00873
Latin America and the Carribean,,1961,24.956,24.72479,208.20644,8.86305,39.70206
Latin America and the Carribean,,1962,30.82433,25.07711,217.65669,9.41355,42.32978
Latin America and the Carribean,,1963,32.49785,25.91754,217.26033,9.69981,40.02869
Latin America and the Carribean,,1964,37.18811,26.45336,233.48907,10.88889,43.06378
Latin America and the Carribean,,1965,41.55174,26.55979,239.19592,11.34764,43.03442
Latin America and the Carribean,,1966,45.07494,27.50298,250.13986,12.2211,44.38131
Latin America and the Carribean,,1967,49.9487,30.21511,267.21637,12.74591,48.7009
Latin America and the Carribean,,1968,51.70296,31.24271,289.53731,14.52219,47.64761
Latin America and the Carribean,,1969,52.27548,33.52178,320.72864,15.33693,50.54691
Latin America and the Carribean,,1970,59.4173,31.38217,354.75688,17.22331,58.6099
Latin America and the Carribean,,1971,60.85227,32.44647,381.56256,18.13347,54.01873
Latin America and the Carribean,,1972,64.74981,32.83182,406.18826,20.4419,49.178
Latin America and the Carribean,,1973,72.666,35.3788,446.24264,22.72097,49.22571
Latin America and the Carribean,,1974,75.25702,38.56069,479.61395,24.17062,42.56099
Latin America and the Carribean,,1975,76.02772,40.00667,494.20954,25.63128,32.45748
Latin America and the Carribean,,1976,75.51759,40.69663,529.97002,27.64978,37.02663
Latin America and the Carribean,,1977,81.44831,45.65113,545.75836,28.97465,30.65184
Latin America and the Carribean,,1978,91.37933,52.43329,577.35339,31.11793,33.38599
Latin America and the Carribean,,1979,106.19145,56.39689,612.87165,33.9842,31.56567
Latin America and the Carribean,,1980,115.70042,50.63132,647.25955,37.08902,31.62439
Latin America and the Carribean,,1981,118.99975,48.13205,637.43129,37.48905,31.07756
Latin America and the Carribean,,1982,129.53999,50.44048,641.43526,37.30922,38.32214
Latin America and the Carribean,,1983,135.84505,54.48115,599.16053,32.9933,33.47407
Latin America and the Carribean,,1984,141.76843,60.54399,602.99568,33.6539,32.02809
Latin America and the Carribean,,1985,145.68065,69.28593,616.99673,35.12924,30.7179
Latin America and the Carribean,,1986,144.81453,69.81074,636.62756,38.46894,27.97274
Latin America and the Carribean,,1987,152.48483,75.48089,664.91959,41.5077,29.05539
Latin America and the Carribean,,1988,160.84142,77.08468,679.19222,42.05086,27.80759
Latin America and the Carribean,,1989,201.82064,82.32544,698.01932,40.72232,24.10823
Latin America and the Carribean,,1990,170.08248,79.58762,690.99127,41.72056,23.43662
Latin America and the Carribean,,1991,178.56385,80.63724,700.76815,42.89496,22.0567
Latin America and the Carribean,,1992,156.9292,80.49411,738.5508,43.21058,22.79804
Latin America and the Carribean,,1993,167.73735,83.78977,751.48021,44.9208,28.39479
Latin America and the Carribean,,1994,186.27452,90.26365,768.85399,48.1504,30.25548
Latin America and the Carribean,,1995,205.31448,96.17602,755.04745,47.84212,30.51972
Latin America and the Carribean,,1996,226.46836,104.14359,771.86339,51.9305,32.06112
Latin America and the Carribean,,1997,233.81203,109.27425,812.42423,56.60608,33.31993
Latin America and the Carribean,,1998,257.97898,111.22302,860.615,58.46677,25.51751
Latin America and the Carribean,,1999,267.55768,108.27601,892.15131,59.07232,19.06932
Latin America and the Carribean,,2000,256.32381,109.22287,876.6162,61.18624,29.66828
Latin America and the Carribean,,2001,269.38167,105.42442,904.68069,59.21545,24.95967
Latin America and the Carribean,,2002,276.9749,108.03012,904.59995,57.77681,25.16152
Latin America and the Carribean,,2003,292.62011,119.55025,902.34657,57.73644,24.00914
Latin America and the Carribean,,2004,319.5836,113.42502,894.29826,58.63559,25.16519
Latin America and the Carribean,,2005,325.44092,124.46805,930.05507,65.1425,32.663
Latin America and the Carribean,,2006,364.50073,125.43693,940.65036,72.74674,29.18384
Latin America and the Carribean,,2007,371.98019,127.0187,957.56172,74.89369,41.04161
Latin America and the Carribean,,2008,387.12995,128.48303,1004.3322,78.11595,57.13823
Latin America and the Carribean,,2009,377.41546,115.24167,989.75496,75.70843,52.43696
Latin America and the Carribean,,2010,418.69929,135.97717,1025.02366,79.61331,44.38498
Latin America and the Carribean,,2011,427.25773,152.34904,1037.81361,85.15868,40.34431
Latin America and the Carribean,,2012,450.21358,148.99833,1093.70037,88.69656,40.92417
Latin America and the Carribean,,2013,449.75116,168.95212,1109.55844,90.02143,51.80572
Middle East,,1865,0,0.15047,0,0,0
Middle East,,1866,0,0.20919,0,0,0
Middle East,,1867,0,0.22754,0,0,0
Middle East,,1868,0,0.17616,0,0,0
Middle East,,1869,0,0.26791,0,0,0
Middle East,,1870,0,0.15781,0,0,0
Middle East,,1871,0,0.19818,0,0,0
Middle East,,1872,0,0.24589,0,0,0
Middle East,,1873,0,0.23855,0,0,0
Middle East,,1874,0,0.2569,0,0,0
Middle East,,1875,0,0.35232,0,0,0
Middle East,,1876,0,0.27525,0,0,0
Middle East,,1877,0,0.44774,0,0,0
Middle East,,1878,0,0.32663,0,0,0
Middle East,,1879,0,0.12478,0,0,0
Middle East,,1880,0,0.13946,0,0,0
Middle East,,1881,0,0.1835,0,0,0
Middle East,,1882,0,0.15414,0,0,0
Middle East,,1883,0,0.16148,0,0,0
Middle East,,1884,0,0.17616,0,0,0
Middle East,,1885,0,0.19451,0,0,0
Middle East,,1886,0,0.13579,0,0,0
Middle East,,1887,0,0.24589,0,0,0
Middle East,,1888,0,0.26791,0,0,0
Middle East,,1889,0,0.4037,0,0,0
Middle East,,1890,0,0.367,0,0,0
Middle East,,1891,0,0.4037,0,0,0
Middle East,,1892,0,0.41104,0,0,0
Middle East,,1893,0,0.42572,0,0,0
Middle East,,1894,0,0.39269,0,0,0
Middle East,,1895,0,0.37434,0,0,0
Middle East,,1896,0,0.44407,0,0,0
Middle East,,1897,0,0.31562,0,0,0
Middle East,,1898,0,0.52481,0,0,0
Middle East,,1899,0,0.67161,0,0,0
Middle East,,1900,0,1.03861,0,0,0
Middle East,,1901,0,0.95053,0,0,0
Middle East,,1902,0,1.04962,0,0,0
Middle East,,1903,0,1.20743,0,0,0
Middle East,,1904,0,1.36891,0,0,0
Middle East,,1905,0,1.53406,0,0,0
Middle East,,1906,0,1.58177,0.00367,0,0
Middle East,,1907,0,1.88271,0,0,0
Middle East,,1908,0,1.7249,0,0,0
Middle East,,1909,0,1.95978,0,0,0
Middle East,,1910,0,1.88638,0,0,0
Middle East,,1911,0,2.23136,0.13579,0,0
Middle East,,1912,0,2.00015,0.25323,0,0
Middle East,,1913,0,2.04052,0.85511,0,0
Middle East,,1914,0,1.66618,1.1744,0,0
Middle East,,1915,0,1.03861,1.40561,0,0
Middle East,,1916,0,0.5138,2.01116,0,0
Middle East,,1917,0,0.39269,2.80388,0,0
Middle East,,1918,0,0.45875,3.45347,0,0
Middle East,,1919,0,0.93952,4.32693,0,0
Middle East,,1920,0,1.40561,5.44628,0,0
Middle East,,1921,0,0.8441,7.2666,0,0
Middle East,,1922,0,1.01292,9.24106,0,0
Middle East,,1923,0,1.47534,11.5972,0,0
Middle East,,1924,0,2.45523,13.52762,0,0
Middle East,,1925,0,2.37082,14.22492,0,0
Middle East,,1926,0,3.01307,15.0837,0,0
Middle East,,1927,0,3.28465,16.86732,0,0
Middle East,,1928,0,3.10115,17.99768,0.02936,0
Middle East,,1929,0,3.5232,17.42149,0.03303,0
Middle East,,1930,0,3.94892,18.91518,0.06973,0
Middle East,,1931,0,3.89754,18.32064,0.09909,0
Middle East,,1932,0,3.95626,20.49695,0.12845,0
Middle East,,1933,0,4.61319,22.48609,0.15414,0
Middle East,,1934,0,5.71786,26.52309,0.16515,0
Middle East,,1935,0,5.87934,29.64259,0.22387,0
Middle East,,1936,0,5.80594,33.35663,0.23488,0
Middle East,,1937,0,4.1471,41.28016,0.31195,0
Middle East,,1938,0,4.50676,41.44531,0.30461,0
Middle East,,1939,0,4.96918,46.92462,0.31562,0
Middle East,,1940,0,5.58941,39.72041,0.28259,0
Middle East,,1941,0,5.72887,30.07198,0.26424,0
Middle East,,1942,0,5.0646,41.83433,0.64959,0
Middle East,,1943,0,6.22799,46.04015,0.26057,0
Middle East,,1944,0,7.1565,60.32379,0.33397,0
Middle East,,1945,0,7.35835,78.62241,0.31929,0
Middle East,,1946,0,7.27394,105.31065,0.41104,0
Middle East,,1947,0,7.81343,126.01312,0.47343,0
Middle East,,1948,0,7.93087,100.45524,0.41471,0
Middle East,,1949,0.00367,8.20979,109.21186,0.48811,0
Middle East,,1950,0,8.40063,8.09602,0.62023,0
Middle East,,1951,0,8.6245,16.85631,0.67161,0
Middle East,,1952,0,8.42265,14.14785,0.74868,0
Middle East,,1953,0,10.54391,16.18837,0.87713,0
Middle East,,1954,0,11.03569,21.11351,1.09366,0
Middle East,,1955,1.21844,10.61731,25.93222,1.36891,11.65959
Middle East,,1956,1.54507,11.20084,32.91256,1.60746,12.77527
Middle East,,1957,1.92308,12.20275,37.92945,1.97446,8.67955
Middle East,,1958,1.85702,12.55874,41.56275,3.5599,9.88698
Middle East,,1959,2.40385,11.99723,43.50785,2.60203,11.22653
Middle East,,1960,4.81137,12.10366,58.7567,2.96169,12.70187
Middle East,,1961,5.02423,11.29626,61.60462,3.18556,14.41209
Middle East,,1962,5.872,12.59911,72.69536,3.44246,15.79935
Middle East,,1963,6.83721,13.67442,76.86815,3.77643,23.66783
Middle East,,1964,8.53642,15.22683,73.92848,4.00764,44.34094
Middle East,,1965,9.14931,15.02498,85.55137,4.47006,60.06689
Middle East,,1966,11.13111,16.70217,97.97432,5.09763,69.64926
Middle East,,1967,12.54039,15.85807,84.49808,5.138,89.25807
Middle East,,1968,16.47463,16.19938,106.48505,6.09587,92.76292
Middle East,,1969,24.8459,17.56462,101.48651,7.17485,119.5686
Middle East,,1970,29.29761,18.80875,116.11513,7.76939,115.60133
Middle East,,1971,28.13422,19.26383,136.05791,8.85938,144.68975
Middle East,,1972,30.44999,21.41812,137.43049,10.02644,164.75364
Middle East,,1973,35.70543,22.04569,165.45828,10.06681,198.7305
Middle East,,1974,40.737,23.06962,177.49588,11.06872,194.40357
Middle East,,1975,42.44722,23.7082,190.77027,13.02483,167.72634
Middle East,,1976,42.92432,26.03865,225.35268,14.68,203.0244
Middle East,,1977,39.87088,26.35794,266.71358,16.29113,189.49678
Middle East,,1978,40.38835,23.04393,271.11024,21.15021,185.50382
Middle East,,1979,57.74378,27.60207,314.79792,20.14463,155.15659
Middle East,,1980,76.78741,26.71393,297.89023,19.99783,138.69664
Middle East,,1981,95.04933,29.27192,321.37456,22.83841,89.13696
Middle East,,1982,67.99776,36.64495,349.51245,25.26061,90.74809
Middle East,,1983,62.69094,41.96278,393.09003,25.51017,77.3636
Middle East,,1984,104.3381,49.45692,398.09591,30.02794,47.94121
Middle East,,1985,118.05656,58.30896,426.8944,31.94735,43.38674
Middle East,,1986,139.55175,64.60301,448.33821,32.60795,36.97892
Middle East,,1987,148.46618,68.32806,453.18261,34.6448,34.67416
Middle East,,1988,165.17202,66.427,487.38334,35.81186,32.42078
Middle East,,1989,184.72945,71.30443,510.04926,38.2047,28.35809
Middle East,,1990,210.61029,78.74719,503.73319,37.99184,39.1589
Middle East,,1991,243.73571,83.18055,970.59022,36.92754,57.45018
Middle East,,1992,263.45462,83.87051,566.68103,40.64158,32.12351
Middle East,,1993,296.36718,81.92541,615.21678,44.05101,27.90301
Middle East,,1994,321.78193,83.03375,634.92835,44.41801,33.84841
Middle East,,1995,291.38699,86.8689,630.77758,48.35592,27.4516
Middle East,,1996,307.30378,99.18175,605.01051,50.35607,29.42606
Middle East,,1997,328.85769,109.96421,545.63725,49.95971,32.30334
Middle East,,1998,338.54649,115.77382,610.51918,53.75449,29.77104
Middle East,,1999,360.54447,108.02278,683.21087,53.92698,35.26136
Middle East,,2000,388.32637,121.5137,763.0664,56.01154,35.22466
Middle East,,2001,387.01251,108.46318,793.75861,55.76565,34.19706
Middle East,,2002,431.09655,111.12026,770.21189,60.71648,28.89391
Middle East,,2003,463.75221,118.49696,809.28271,62.65424,37.60282
Middle East,,2004,523.30897,122.2477,859.05525,67.73352,49.17066
Middle East,,2005,579.19573,122.90463,856.29174,71.38517,49.29177
Middle East,,2006,630.5427,140.43622,897.40308,77.16175,58.39337
Middle East,,2007,655.70055,152.06645,884.36357,85.9514,57.67038
Middle East,,2008,712.65528,152.53988,957.08829,94.6493,56.61709
Middle East,,2009,731.80167,150.1397,997.92438,104.34911,57.5823
Middle East,,2010,797.33319,161.72956,1014.67059,115.85823,53.55631
Middle East,,2011,847.0727,167.9392,993.89105,121.0366,58.38603
Middle East,,2012,869.88542,179.04095,1100.47886,128.00226,64.9223
Middle East,,2013,879.53385,165.97942,1035.86117,135.59916,65.63061
North America,,1785,0,0.00367,0,0,0
North America,,1786,0,0.00367,0,0,0
North America,,1787,0,0.00367,0,0,0
North America,,1788,0,0.00367,0,0,0
North America,,1789,0,0.00367,0,0,0
North America,,1790,0,0.00367,0,0,0
North America,,1791,0,0.00367,0,0,0
North America,,1792,0,0.00367,0,0,0
North America,,1793,0,0.00367,0,0,0
North America,,1794,0,0.00367,0,0,0
North America,,1795,0,0.00367,0,0,0
North America,,1796,0,0.00367,0,0,0
North America,,1797,0,0.00367,0,0,0
North America,,1798,0,0.00367,0,0,0
North America,,1799,0,0.00367,0,0,0
North America,,1800,0,0.2569,0,0,0
North America,,1801,0,0.27158,0,0,0
North America,,1802,0,0.2936,0,0,0
North America,,1803,0,0.30094,0,0,0
North America,,1804,0,0.33764,0,0,0
North America,,1805,0,0.34498,0,0,0
North America,,1806,0,0.33764,0,0,0
North America,,1807,0,0.38168,0,0,0
North America,,1808,0,0.39636,0,0,0
North America,,1809,0,0.40737,0,0,0
North America,,1810,0,0.42205,0,0,0
North America,,1811,0,0.45141,0,0,0
North America,,1812,0,0.48811,0,0,0
North America,,1813,0,0.52481,0,0,0
North America,,1814,0,0.56518,0,0,0
North America,,1815,0,0.60555,0,0,0
North America,,1816,0,0.66794,0,0,0
North America,,1817,0,0.72299,0,0,0
North America,,1818,0,0.78538,0,0,0
North America,,1819,0,0.76703,0,0,0
North America,,1820,0,0.79639,0,0,0
North America,,1821,0,0.83309,0,0,0
North America,,1822,0,0.86979,0,0,0
North America,,1823,0,0.90649,0,0,0
North America,,1824,0,1.02026,0,0,0
North America,,1825,0,1.14137,0,0,0
North America,,1826,0,1.3212,0,0,0
North America,,1827,0,1.45332,0,0,0
North America,,1828,0,1.60012,0,0,0
North America,,1829,0,1.80197,0,0,0
North America,,1830,0,2.09557,0,0,0
North America,,1831,0,2.27173,0,0,0
North America,,1832,0,3.03142,0,0,0
North America,,1833,0,3.53788,0,0,0
North America,,1834,0,3.39108,0,0,0
North America,,1835,0,4.32693,0,0,0
North America,,1836,0,4.74164,0,0,0
North America,,1837,0,5.31783,0,0,0
North America,,1838,0,5.04258,0,0,0
North America,,1839,0,5.53069,0,0,0
North America,,1840,0,5.88668,0,0,0
North America,,1841,0,6.22799,0,0,0
North America,,1842,0,6.93263,0,0,0
North America,,1843,0,7.7804,0,0,0
North America,,1844,0,9.32547,0,0,0
North America,,1845,0,11.22653,0,0,0
North America,,1846,0,12.75692,0,0,0
North America,,1847,0,15.12774,0,0,0
North America,,1848,0,16.85264,0,0,0
North America,,1849,0,18.29862,0,0,0
North America,,1850,0,19.88406,0,0,0
North America,,1851,0,24.74314,0,0,0
North America,,1852,0,26.91945,0,0,0
North America,,1853,0,30.3142,0,0,0
North America,,1854,0,33.33828,0,0,0
North America,,1855,0,38.37352,0,0,0
North America,,1856,0,40.28192,0,0,0
North America,,1857,0,41.33888,0,0,0
North America,,1858,0,41.98113,0,0,0
North America,,1859,0,45.70985,0,0,0
North America,,1860,0,47.69165,0.20185,0,0
North America,,1861,0,45.35019,0.86245,0,0
North America,,1862,0,46.83287,1.25881,0,0
North America,,1863,0,54.4995,1.101,0,0
North America,,1864,0,58.69431,0.90282,0,0
North America,,1865,0,58.8668,1.07164,0,0
North America,,1866,0,59.03195,1.5414,0,0
North America,,1867,0,73.13209,1.44598,0,0
North America,,1868,0,81.85568,1.5781,0,0
North America,,1869,0,92.71888,1.81665,0,0
North America,,1870,0,97.85321,2.15429,0,0
North America,,1871,0,102.83707,2.13227,0,0
North America,,1872,0,125.81861,2.53964,0,0
North America,,1873,0,137.33874,4.00764,0,0
North America,,1874,0,131.74199,4.39666,0,0
North America,,1875,0,134.322,3.5232,0,0
North America,,1876,0,131.27957,3.61862,0,0
North America,,1877,0,144.13191,5.31416,0,0
North America,,1878,0,139.88205,6.19496,0,0
North America,,1879,0,169.82925,8.1107,0,0
North America,,1880,0,193.70627,10.54391,0,0
North America,,1881,0,205.09061,11.0467,0,0
North America,,1882,0.16515,230.14203,12.09999,0,0
North America,,1883,0.38168,252.25378,9.10894,0,0
North America,,1884,1.1744,266.23648,9.23005,0,0
North America,,1885,3.72138,268.89723,8.24649,0,0
North America,,1886,7.68865,278.07957,10.97697,0,0
North America,,1887,11.80639,295.24416,10.99899,0,0
North America,,1888,16.80126,360.19215,10.8265,0,0
North America,,1889,12.24679,321.3085,13.84324,0,0
North America,,1890,11.7073,384.99768,18.13714,0,0
North America,,1891,8.96214,411.53178,21.59428,0,0
North America,,1892,7.78774,437.33188,19.97948,0,0
North America,,1893,7.29963,443.35802,19.05831,0,0
North America,,1894,6.70876,413.89159,19.34824,0,0
North America,,1895,7.05374,466.37259,20.86395,0,0
North America,,1896,6.85923,465.31196,24.17429,0,0
North America,,1897,7.29963,484.76663,23.86601,0,0
North America,,1898,8.47403,531.62152,21.85485,0,0
North America,,1899,10.92192,612.28445,22.54848,0,0
North America,,1900,11.5605,647.85042,25.06977,0,0
North America,,1901,12.8817,706.22544,27.48463,0,0
North America,,1902,13.71479,742.56945,35.15126,0,0
North America,,1903,14.54788,869.19913,40.12778,0,0
North America,,1904,15.18646,852.48595,47.14482,0,0
North America,,1905,17.19395,949.89142,54.47014,0,0
North America,,1906,19.0473,1002.68804,50.74876,0,0
North America,,1907,19.89874,1163.52946,67.41423,0,0
North America,,1908,19.69689,1008.22974,72.25496,0,0
North America,,1909,23.54672,1113.64315,73.52845,0,0
North America,,1910,24.94132,1213.23594,84.83205,0,0
North America,,1911,25.74505,1203.77835,89.28376,0,0
North America,,1912,28.35075,1291.44731,90.99031,0,0
North America,,1913,29.59121,1383.02482,109.26691,0,0
North America,,1914,30.14171,1238.992,117.20879,0,0
North America,,1915,31.85927,1273.36155,123.50284,0,0
North America,,1916,38.24507,1419.79455,137.28002,0,0
North America,,1917,40.39936,1564.04023,152.14719,0,0
North America,,1918,36.38438,1637.67144,164.05267,0,0
North America,,1919,37.59915,1333.57157,184.41383,0,0
North America,,1920,40.66727,1548.05738,234.52034,0,0
North America,,1921,33.764,1220.15389,250.99864,0,0
North America,,1922,38.78823,1178.26818,287.93352,0,0
North America,,1923,51.05704,1599.51812,339.66951,0,0
North America,,1924,57.71075,1386.69482,331.4744,0,0
North America,,1925,60.16598,1411.86001,347.08658,0,0
North America,,1926,66.4637,1557.56635,352.49249,0,0
North America,,1927,73.19081,1461.87844,404.94413,0,0
North America,,1928,79.37843,1414.07669,415.19077,16.0746,0
North America,,1929,97.12288,1490.92649,459.01424,15.68558,0
North America,,1930,98.5028,1319.82742,406.43782,14.81212,0
North America,,1931,85.72386,1084.46665,379.70554,11.58986,0
North America,,1932,79.32338,893.43214,349.0904,6.93997,0
North America,,1933,79.4555,947.8509,386.0473,5.63345,0
North America,,1934,90.18658,1030.7562,388.88421,6.95098,0
North America,,1935,97.77247,1046.79777,420.16362,6.89226,0
North America,,1936,110.48168,1214.62687,464.55961,10.13654,0
North America,,1937,122.85692,1221.15213,531.58115,10.54024,0
North America,,1938,117.28219,974.85843,499.88703,9.56035,0
North America,,1939,126.18928,1100.97798,527.51479,11.06872,0
North America,,1940,136.11296,1255.65013,579.69485,11.89814,0
North America,,1941,144.07319,1390.75017,613.21296,14.87084,0
North America,,1942,156.52917,1566.63492,589.11574,16.50032,0
North America,,1943,174.5819,1583.94264,638.57633,12.09265,0
North America,,1944,189.26924,1658.37024,728.96109,8.41531,0
North America,,1945,200.56917,1524.31248,755.5062,9.54934,0
North America,,1946,205.97508,1406.79174,767.51811,15.09471,0
North America,,1947,227.2464,1560.21976,824.07648,17.07651,0
North America,,1948,255.25584,1553.83029,912.05372,18.9005,0
North America,,1949,268.71006,1166.29297,854.40903,19.38861,0
North America,,1950,323.30131,1356.26685,950.80158,20.92634,43.19223
North America,,1951,380.91297,1310.62306,1022.71523,22.58151,42.77018
North America,,1952,407.72966,1165.92964,1066.54237,22.9742,45.75756
North America,,1953,428.85418,1150.77621,1121.76119,24.54863,44.96484
North America,,1954,450.68334,995.1572,1140.25432,25.25694,39.01577
North America,,1955,487.42738,1100.23297,1235.67799,28.79849,43.80879
North America,,1956,515.27167,1148.71734,1303.12158,30.66285,49.93035
North America,,1957,552.41207,1090.78639,1295.90269,29.44808,47.82744
North America,,1958,585.08608,947.15727,1326.78207,30.56743,38.29645
North America,,1959,611.51375,966.10181,1368.35216,33.12542,33.96585
North America,,1960,652.62876,969.18461,1399.66093,31.06288,33.57683
North America,,1961,660.46054,934.5655,1418.29719,31.6354,32.24462
North America,,1962,703.49496,969.43417,1463.42718,33.07404,27.57638
North America,,1963,742.03363,1035.29966,1495.97274,34.5347,25.22391
North America,,1964,794.52931,1102.89739,1540.15587,36.38805,22.6806
North America,,1965,821.98458,1146.66948,1619.08656,36.8835,21.4328
North America,,1966,886.07746,1187.24133,1688.24771,38.2414,24.5156
North America,,1967,927.86408,1222.36323,1763.56712,36.44677,30.61881
North America,,1968,993.50937,1202.1452,1871.68532,38.76988,32.16388
North America,,1969,1078.14324,1219.11161,1966.37132,39.22496,32.84283
North America,,1970,1123.67326,1228.91418,2253.13778,37.38262,31.10325
North America,,1971,1166.30398,1165.1883,2321.42914,40.47276,19.84002
North America,,1972,1194.11157,1188.94054,2506.59165,42.80321,17.69307
North America,,1973,1187.28904,1264.63429,2641.97795,44.69326,17.43617
North America,,1974,1137.54586,1246.82745,2553.00614,42.70779,12.45598
North America,,1975,1065.78635,1214.49842,2480.77687,36.54219,9.79523
North America,,1976,1095.17571,1335.70751,2537.31322,38.535,9.78789
North America,,1977,1066.58641,1356.60449,2680.80288,41.05996,9.60439
North America,,1978,1086.56222,1439.16114,2730.85067,43.85283,10.67236
North America,,1979,1129.43149,1493.22024,2668.97814,44.77033,11.83575
North America,,1980,1115.10381,1543.72678,2462.03051,39.97364,9.83927
North America,,1981,1081.71415,1574.69791,2267.14984,38.08726,8.21713
North America,,1982,1014.74399,1528.21369,2141.26517,33.33828,7.86481
North America,,1983,973.14821,1613.00537,2123.89506,36.23391,8.16942
North America,,1984,1009.11788,1691.77091,2153.86795,39.93327,10.11085
North America,,1985,986.81529,1729.27097,2151.65494,40.79205,10.12553
North America,,1986,934.09574,1683.70058,2235.25387,41.47834,10.00075
North America,,1987,985.71796,1782.75755,2301.79464,42.28207,11.35865
North America,,1988,1035.59693,1868.36764,2394.69335,41.44164,12.85601
North America,,1989,1078.60566,1906.77052,2383.28332,41.85268,12.27615
North America,,1990,1130.43707,1877.23069,2201.40913,41.47467,12.48534
North America,,1991,1179.74719,1865.45366,2155.47541,38.86163,13.92765
North America,,1992,1207.26485,1891.28679,2205.80946,38.22305,14.01206
North America,,1993,1248.48996,1925.60863,2251.41288,40.82141,16.76089
North America,,1994,1277.82427,1940.41341,2280.00585,44.88777,16.8453
North America,,1995,1322.08814,1940.23725,2283.63915,44.30424,20.02719
North America,,1996,1323.43136,2012.39312,2343.68402,46.12089,19.18676
North America,,1997,1331.22644,2071.68197,2405.80244,48.05131,18.5702
North America,,1998,1309.29819,2089.92187,2462.56266,48.7376,11.69996
North America,,1999,1370.61655,2102.30078,2497.20746,50.11752,10.57694
North America,,2000,1434.54061,2195.04902,2551.29959,50.96896,9.55668
North America,,2001,1350.83525,2161.11987,2561.59394,51.53047,9.27409
North America,,2002,1402.25929,2178.59641,2530.51638,52.08097,9.65944
North America,,2003,1377.24824,2173.6309,2623.47014,53.78018,9.38052
North America,,2004,1355.90352,2217.18646,2682.57549,56.33817,8.96581
North America,,2005,1354.34377,2231.37468,2698.89965,57.43917,10.05947
North America,,2006,1340.9446,2202.19084,2635.73895,56.92537,10.95495
North America,,2007,1434.95532,2218.12598,2620.71764,55.86841,11.33296
North America,,2008,1431.68535,2196.57574,2475.29022,50.55058,12.48901
North America,,2009,1419.37984,1934.63683,2373.96152,37.84871,11.98255
North America,,2010,1469.77261,2000.2234,2384.64122,39.7461,11.90181
North America,,2011,1512.39599,1909.33218,2330.87939,40.24889,14.50384
North America,,2012,1571.57841,1703.44518,2268.34626,43.62162,14.99929
North America,,2013,1603.97717,1721.65572,2278.8131,44.43269,17.65637
Oceania,,1851,0,-0.06239,0,0,0
Oceania,,1852,0,-0.05505,0,0,0
Oceania,,1853,0,-0.1101,0,0,0
Oceania,,1854,0,-0.12845,0,0,0
Oceania,,1855,0,-0.13212,0,0,0
Oceania,,1856,0,-0.1835,0,0,0
Oceania,,1857,0,-0.20919,0,0,0
Oceania,,1858,0,-0.24589,0,0,0
Oceania,,1859,0,-0.37801,0,0,0
Oceania,,1860,0,0.27892,0,0,0
Oceania,,1861,0,0.51013,0,0,0
Oceania,,1862,0,0.35599,0,0,0
Oceania,,1863,0,0.40003,0,0,0
Oceania,,1864,0,0.26791,0,0,0
Oceania,,1865,0,0.42205,0,0,0
Oceania,,1866,0,0.6973,0,0,0
Oceania,,1867,0,0.89548,0,0,0
Oceania,,1868,0,0.74501,0,0,0
Oceania,,1869,0,0.6606,0,0,0
Oceania,,1870,0,0.61656,0,0,0
Oceania,,1871,0,0.71932,0.00367,0,0
Oceania,,1872,0,0.73767,0.00367,0,0
Oceania,,1873,0,0.89915,0.01101,0,0
Oceania,,1874,0,1.468,0.01101,0,0
Oceania,,1875,0,2.24237,0.02936,0,0
Oceania,,1876,0,2.30843,0.02936,0,0
Oceania,,1877,0,2.33045,0.02936,0,0
Oceania,,1878,0,3.07546,0.1101,0,0
Oceania,,1879,0,4.11774,0.16882,0,0
Oceania,,1880,0,5.06827,0.15047,0,0
Oceania,,1881,0,4.84073,0.08441,0,0
Oceania,,1882,0,5.16002,0.20185,0,0
Oceania,,1883,0,5.83897,0.23121,0,0
Oceania,,1884,0,6.41883,0.17983,0,0
Oceania,,1885,0,7.21522,0.1835,0,0
Oceania,,1886,0,7.43175,0.24956,0,0
Oceania,,1887,0,8.55477,0.20919,0,0
Oceania,,1888,0,9.78789,0.28993,0,0
Oceania,,1889,0,10.63933,0.37067,0,0
Oceania,,1890,0,11.32195,0.42572,0,0
Oceania,,1891,0,13.2487,0.39636,0,0
Oceania,,1892,0,13.41018,0.34131,0,0
Oceania,,1893,0,13.59735,0.50646,0,0
Oceania,,1894,0,16.43059,0.5872,0,0
Oceania,,1895,0,17.99401,0.4771,0,0
Oceania,,1896,0,18.61424,0.60555,0,0
Oceania,,1897,0,19.75561,0.67161,0,0
Oceania,,1898,0,24.16328,0.76336,0,0
Oceania,,1899,0,24.45688,0.81841,0,0
Oceania,,1900,0,30.96746,1.10467,0,0
Oceania,,1901,0,36.18987,1.3212,0,0
Oceania,,1902,0,38.15332,1.29184,0,0
Oceania,,1903,0,39.12587,1.11568,0,0
Oceania,,1904,0,42.60503,1.50103,0,0
Oceania,,1905,0,44.32626,1.26982,0,0
Oceania,,1906,0,49.73217,1.42763,0,0
Oceania,,1907,0,53.03517,1.6882,0,0
Oceania,,1908,0,56.92904,1.71022,0,0
Oceania,,1909,0,55.58949,1.5781,0,0
Oceania,,1910,0,61.03577,0.78905,0,0
Oceania,,1911,0,67.3078,0.85878,0,0
Oceania,,1912,0,74.33585,0.71932,0,0
Oceania,,1913,0,80.21152,0.84043,0,0
Oceania,,1914,0,86.58264,1.14137,0,0
Oceania,,1915,0,78.43157,1.26615,0,0
Oceania,,1916,0.02936,81.73457,1.28083,0,0
Oceania,,1917,0.04404,91.72798,1.23679,0,0
Oceania,,1918,0.04771,98.08442,1.05696,0,0
Oceania,,1919,0.05138,104.21332,0.96888,0,0
Oceania,,1920,0.06973,102.70862,0.96154,0,0
Oceania,,1921,0.05872,92.63814,0.9175,0,0
Oceania,,1922,0.05872,98.56519,0.87713,0,0
Oceania,,1923,0.04771,103.94541,0.7707,0,0
Oceania,,1924,0.0367,109.78071,0.77437,0,0
Oceania,,1925,0.04037,113.66357,0.81841,0,0
Oceania,,1926,0.04037,114.11865,0.76336,0,0
Oceania,,1927,0.05138,122.26238,0.76336,0,0
Oceania,,1928,0.04771,120.36499,0.80373,2.40018,0
Oceania,,1929,0.05138,120.15213,0.85511,2.59102,0
Oceania,,1930,0.07707,110.00091,0.86612,2.31944,0
Oceania,,1931,0.13946,98.81475,0.8441,2.08089,0
Oceania,,1932,0.09175,99.19643,0.6973,2.05887,0
Oceania,,1933,0.08441,113.33694,0.6239,2.63873,0
Oceania,,1934,0.08441,124.7066,0.78538,2.53597,0
Oceania,,1935,0.0734,131.69795,0.96888,3.27364,0
Oceania,,1936,0.0734,143.67316,1.08632,3.51586,0
Oceania,,1937,0.09542,154.30882,1.08999,3.46815,0
Oceania,,1938,0.09175,160.0854,1.08632,3.0461,0
Oceania,,1939,0.09909,160.56617,0.9909,2.99105,0
Oceania,,1940,0.10276,183.77158,0.9175,2.58368,0
Oceania,,1941,0.09909,190.24546,0.79272,3.36539,0
Oceania,,1942,0.09909,186.33691,0.72666,2.56533,0
Oceania,,1943,0.08074,188.3077,0.74868,2.19099,0
Oceania,,1944,0.08074,176.1233,0.70464,1.81298,0
Oceania,,1945,0.0734,113.33694,0.67895,1.05329,0
Oceania,,1946,0.06606,92.21976,0.59087,0.94319,0
Oceania,,1947,0.06973,111.89096,0.55784,1.1744,0
Oceania,,1948,0.09175,130.09049,0.48811,1.56709,0
Oceania,,1949,0.10276,138.92785,0.59821,2.30109,0
Oceania,,1950,0.13579,146.08068,17.34075,2.99472,0.30953147
Oceania,,1951,0.16148,162.89662,24.46422,3.96727,0.32298936
Oceania,,1952,0.17983,167.67863,28.82418,4.36363,0.34990514
Oceania,,1953,0.21653,173.5543,35.88159,5.31049,0.36336303
Oceania,,1954,0.27525,170.58527,43.4895,6.44452,0.36336303
Oceania,,1955,0.34498,166.66571,50.12119,6.47388,0.41719459
Oceania,,1956,0.46976,179.7566,57.54927,7.79141,0.43065248
Oceania,,1957,0.63858,194.64946,70.81999,9.00251,0.47102615
Oceania,,1958,0.92851,185.9956,74.97443,8.98416,0.47102615
Oceania,,1959,1.1744,189.4821,87.66896,10.2026,0.48448404
Oceania,,1960,1.60379,205.70717,114.19572,12.95143,0.52485771
Oceania,,1961,2.04786,228.3107,143.13734,14.04876,0.56523138
Oceania,,1962,2.66809,222.09005,160.36432,16.148,0.59214716
Oceania,,1963,3.68468,225.92153,194.143,16.86365,0.63252083
Oceania,,1964,4.01865,234.85064,226.79866,18.67663,0.68635239
Oceania,,1965,3.62229,243.86049,258.56251,18.70599,0.74018395
Oceania,,1966,3.71404,249.0462,283.46713,21.45482,0.8074734
Oceania,,1967,3.92323,263.43994,345.46811,23.85867,0.88822074
Oceania,,1968,4.24619,282.96067,401.74022,26.28821,0.98242597
Oceania,,1969,5.21507,305.35134,476.05038,28.35442,1.0766312
Oceania,,1970,10.65401,310.10399,585.37968,31.36749,1.17083643
Oceania,,1971,12.478,286.57929,642.27202,32.58226,1.18429432
Oceania,,1972,14.27263,283.3974,707.27873,36.17152,1.27849955
Oceania,,1973,17.60132,300.19132,751.07284,42.20867,1.4803679
Oceania,,1974,22.48242,320.85342,730.63828,39.71674,1.43999423
Oceania,,1975,26.17077,306.43032,702.09302,35.80452,1.23812588
Oceania,,1976,31.67944,303.35119,735.94877,37.37895,1.45345212
Oceania,,1977,38.53133,306.71658,764.64083,39.52957,1.39962056
Oceania,,1978,51.07906,283.82679,749.28555,45.32817,1.42653634
Oceania,,1979,58.2796,302.80803,775.14437,46.89159,1.31887322
Oceania,,1980,67.53534,347.23705,730.17219,47.02004,1.15737854
Oceania,,1981,71.23103,373.35644,692.42257,45.85665,0.87476285
Oceania,,1982,76.2626,370.95259,667.65374,43.5996,0.86130496
Oceania,,1983,80.46108,357.28918,651.20113,43.25095,0.78055762
Oceania,,1984,101.50853,393.3506,664.1232,42.57567,0.68635239
Oceania,,1985,114.18471,412.68049,617.7344,39.85987,0.65943661
Oceania,,1986,117.77397,396.56919,630.86933,39.04513,0.61906294
Oceania,,1987,119.7888,403.01371,630.35186,39.13688,0.59214716
Oceania,,1988,124.77633,435.13722,679.68033,42.35547,0.6728945
Oceania,,1989,132.18239,444.4003,714.74351,43.65832,0.55177349
Oceania,,1990,144.18696,440.32293,759.21657,46.10254,0.5383156
Oceania,,1991,148.10652,449.58601,745.38801,48.12471,0.60560505
Oceania,,1992,152.31234,447.79138,775.67285,47.1228,0.48448404
Oceania,,1993,156.14749,453.18261,763.73801,47.17418,0.49794193
Oceania,,1994,164.50041,469.93249,800.96649,49.51564,0.52485771
Oceania,,1995,169.30077,483.81977,797.18272,48.96881,0.52485771
Oceania,,1996,177.67938,505.57553,808.22942,50.85886,0.5383156
Oceania,,1997,184.05417,524.00627,786.62413,49.69547,0.5383156
Oceania,,1998,187.49663,514.93036,764.77295,44.53178,0.48448404
Oceania,,1999,198.73784,544.42982,773.91859,44.26754,0.47102615
Oceania,,2000,206.55494,563.91385,775.2141,44.85474,0.61906294
Oceania,,2001,211.41035,576.62673,740.28304,42.58668,0.63252083
Oceania,,2002,213.59033,594.87397,754.79789,40.22687,0.65943661
Oceania,,2003,219.62381,601.56071,762.24799,38.96439,0.64597872
Oceania,,2004,217.13188,648.91105,749.50942,38.29278,0.72672606
Oceania,,2005,212.97744,630.32984,751.67105,39.66536,0.8074734
Oceania,,2006,238.45458,640.5985,722.04314,40.08741,0.83438918
Oceania,,2007,259.76994,656.99606,714.78755,39.05981,0.88822074
Oceania,,2008,265.58322,650.45245,687.84608,36.77707,0.92859441
Oceania,,2009,260.67643,608.32085,640.55446,32.66667,0.86130496
Oceania,,2010,271.24603,639.67366,646.93292,30.56009,0.88822074
Oceania,,2011,306.12938,607.44372,667.76384,30.62615,0.86130496
Oceania,,2012,314.95573,617.83349,686.97996,32.3327,0.87476285
Oceania,,2013,321.17271,647.58251,667.01149,33.55848,0.91513652
World,OWID_WRL,1751,0,11.001,0,0,0
World,OWID_WRL,1752,0,11.001,0,0,0
World,OWID_WRL,1753,0,11.001,0,0,0
World,OWID_WRL,1754,0,11.001,0,0,0
World,OWID_WRL,1755,0,11.001,0,0,0
World,OWID_WRL,1756,0,11.001,0,0,0
World,OWID_WRL,1757,0,11.001,0,0,0
World,OWID_WRL,1758,0,11.001,0,0,0
World,OWID_WRL,1759,0,11.001,0,0,0
World,OWID_WRL,1760,0,11.001,0,0,0
World,OWID_WRL,1761,0,11.001,0,0,0
World,OWID_WRL,1762,0,11.001,0,0,0
World,OWID_WRL,1763,0,11.001,0,0,0
World,OWID_WRL,1764,0,11.001,0,0,0
World,OWID_WRL,1765,0,11.001,0,0,0
World,OWID_WRL,1766,0,11.001,0,0,0
World,OWID_WRL,1767,0,11.001,0,0,0
World,OWID_WRL,1768,0,11.001,0,0,0
World,OWID_WRL,1769,0,11.001,0,0,0
World,OWID_WRL,1770,0,11.001,0,0,0
World,OWID_WRL,1771,0,14.668,0,0,0
World,OWID_WRL,1772,0,14.668,0,0,0
World,OWID_WRL,1773,0,14.668,0,0,0
World,OWID_WRL,1774,0,14.668,0,0,0
World,OWID_WRL,1775,0,14.668,0,0,0
World,OWID_WRL,1776,0,14.668,0,0,0
World,OWID_WRL,1777,0,14.668,0,0,0
World,OWID_WRL,1778,0,14.668,0,0,0
World,OWID_WRL,1779,0,14.668,0,0,0
World,OWID_WRL,1780,0,14.668,0,0,0
World,OWID_WRL,1781,0,18.335,0,0,0
World,OWID_WRL,1782,0,18.335,0,0,0
World,OWID_WRL,1783,0,18.335,0,0,0
World,OWID_WRL,1784,0,18.335,0,0,0
World,OWID_WRL,1785,0,18.335,0,0,0
World,OWID_WRL,1786,0,18.335,0,0,0
World,OWID_WRL,1787,0,18.335,0,0,0
World,OWID_WRL,1788,0,18.335,0,0,0
World,OWID_WRL,1789,0,18.335,0,0,0
World,OWID_WRL,1790,0,18.335,0,0,0
World,OWID_WRL,1791,0,22.002,0,0,0
World,OWID_WRL,1792,0,22.002,0,0,0
World,OWID_WRL,1793,0,22.002,0,0,0
World,OWID_WRL,1794,0,22.002,0,0,0
World,OWID_WRL,1795,0,22.002,0,0,0
World,OWID_WRL,1796,0,22.002,0,0,0
World,OWID_WRL,1797,0,25.669,0,0,0
World,OWID_WRL,1798,0,25.669,0,0,0
World,OWID_WRL,1799,0,25.669,0,0,0
World,OWID_WRL,1800,0,29.336,0,0,0
World,OWID_WRL,1801,0,29.336,0,0,0
World,OWID_WRL,1802,0,36.67,0,0,0
World,OWID_WRL,1803,0,33.003,0,0,0
World,OWID_WRL,1804,0,33.003,0,0,0
World,OWID_WRL,1805,0,33.003,0,0,0
World,OWID_WRL,1806,0,36.67,0,0,0
World,OWID_WRL,1807,0,36.67,0,0,0
World,OWID_WRL,1808,0,36.67,0,0,0
World,OWID_WRL,1809,0,36.67,0,0,0
World,OWID_WRL,1810,0,36.67,0,0,0
World,OWID_WRL,1811,0,40.337,0,0,0
World,OWID_WRL,1812,0,40.337,0,0,0
World,OWID_WRL,1813,0,40.337,0,0,0
World,OWID_WRL,1814,0,40.337,0,0,0
World,OWID_WRL,1815,0,44.004,0,0,0
World,OWID_WRL,1816,0,47.671,0,0,0
World,OWID_WRL,1817,0,51.338,0,0,0
World,OWID_WRL,1818,0,51.338,0,0,0
World,OWID_WRL,1819,0,51.338,0,0,0
World,OWID_WRL,1820,0,51.338,0,0,0
World,OWID_WRL,1821,0,51.338,0,0,0
World,OWID_WRL,1822,0,55.005,0,0,0
World,OWID_WRL,1823,0,58.672,0,0,0
World,OWID_WRL,1824,0,58.672,0,0,0
World,OWID_WRL,1825,0,62.339,0,0,0
World,OWID_WRL,1826,0,62.339,0,0,0
World,OWID_WRL,1827,0,66.006,0,0,0
World,OWID_WRL,1828,0,66.006,0,0,0
World,OWID_WRL,1829,0,66.006,0,0,0
World,OWID_WRL,1830,0,88.008,0,0,0
World,OWID_WRL,1831,0,84.341,0,0,0
World,OWID_WRL,1832,0,84.341,0,0,0
World,OWID_WRL,1833,0,88.008,0,0,0
World,OWID_WRL,1834,0,88.008,0,0,0
World,OWID_WRL,1835,0,91.675,0,0,0
World,OWID_WRL,1836,0,106.343,0,0,0
World,OWID_WRL,1837,0,106.343,0,0,0
World,OWID_WRL,1838,0,110.01,0,0,0
World,OWID_WRL,1839,0,113.677,0,0,0
World,OWID_WRL,1840,0,121.011,0,0,0
World,OWID_WRL,1841,0,124.678,0,0,0
World,OWID_WRL,1842,0,132.012,0,0,0
World,OWID_WRL,1843,0,135.679,0,0,0
World,OWID_WRL,1844,0,143.013,0,0,0
World,OWID_WRL,1845,0,157.681,0,0,0
World,OWID_WRL,1846,0,157.681,0,0,0
World,OWID_WRL,1847,0,168.682,0,0,0
World,OWID_WRL,1848,0,172.349,0,0,0
World,OWID_WRL,1849,0,183.35,0,0,0
World,OWID_WRL,1850,0,198.018,0,0,0
World,OWID_WRL,1851,0,198.018,0,0,0
World,OWID_WRL,1852,0,209.019,0,0,0
World,OWID_WRL,1853,0,216.353,0,0,0
World,OWID_WRL,1854,0,253.023,0,0,0
World,OWID_WRL,1855,0,260.357,0,0,0
World,OWID_WRL,1856,0,278.692,0,0,0
World,OWID_WRL,1857,0,282.359,0,0,0
World,OWID_WRL,1858,0,286.026,0,0,0
World,OWID_WRL,1859,0,304.361,0,0,0
World,OWID_WRL,1860,0,333.697,0,0,0
World,OWID_WRL,1861,0,348.365,0,0,0
World,OWID_WRL,1862,0,352.032,0,0,0
World,OWID_WRL,1863,0,377.701,0,0,0
World,OWID_WRL,1864,0,410.704,0,0,0
World,OWID_WRL,1865,0,436.373,0,0,0
World,OWID_WRL,1866,0,447.374,0,0,0
World,OWID_WRL,1867,0,476.71,0,0,0
World,OWID_WRL,1868,0,491.378,0,0,0
World,OWID_WRL,1869,0,520.714,0,0,0
World,OWID_WRL,1870,0,535.382,3.667,0,0
World,OWID_WRL,1871,0,572.052,3.667,0,0
World,OWID_WRL,1872,0,634.391,3.667,0,0
World,OWID_WRL,1873,0,671.061,3.667,0,0
World,OWID_WRL,1874,0,634.391,3.667,0,0
World,OWID_WRL,1875,0,685.729,3.667,0,0
World,OWID_WRL,1876,0,696.73,3.667,0,0
World,OWID_WRL,1877,0,704.064,7.334,0,0
World,OWID_WRL,1878,0,711.398,7.334,0,0
World,OWID_WRL,1879,0,759.069,11.001,0,0
World,OWID_WRL,1880,0,854.411,11.001,0,0
World,OWID_WRL,1881,0,876.413,14.668,0,0
World,OWID_WRL,1882,0,924.084,14.668,0,0
World,OWID_WRL,1883,0,986.423,11.001,0,0
World,OWID_WRL,1884,0,993.757,14.668,0,0
World,OWID_WRL,1885,3.667,1001.091,14.668,0,0
World,OWID_WRL,1886,7.334,1008.425,18.335,0,0
World,OWID_WRL,1887,11.001,1052.429,18.335,0,0
World,OWID_WRL,1888,18.335,1162.439,18.335,0,0
World,OWID_WRL,1889,11.001,1166.106,22.002,0,0
World,OWID_WRL,1890,11.001,1265.115,29.336,0,0
World,OWID_WRL,1891,7.334,1320.12,33.003,0,0
World,OWID_WRL,1892,7.334,1331.121,33.003,0,0
World,OWID_WRL,1893,7.334,1312.786,36.67,0,0
World,OWID_WRL,1894,7.334,1364.124,33.003,0,0
World,OWID_WRL,1895,7.334,1441.131,40.337,0,0
World,OWID_WRL,1896,7.334,1485.135,44.004,0,0
World,OWID_WRL,1897,7.334,1558.475,47.671,0,0
World,OWID_WRL,1898,7.334,1646.483,47.671,0,0
World,OWID_WRL,1899,11.001,1800.497,51.338,0,0
World,OWID_WRL,1900,11.001,1888.505,58.672,0,0
World,OWID_WRL,1901,14.668,1947.177,66.006,0,0
World,OWID_WRL,1902,14.668,1991.181,69.673,0,0
World,OWID_WRL,1903,14.668,2174.531,73.34,0,0
World,OWID_WRL,1904,14.668,2189.199,84.341,0,0
World,OWID_WRL,1905,18.335,2332.212,84.341,0,0
World,OWID_WRL,1906,18.335,2493.56,84.341,0,0
World,OWID_WRL,1907,18.335,2750.25,102.676,0,0
World,OWID_WRL,1908,18.335,2618.238,110.01,0,0
World,OWID_WRL,1909,22.002,2739.249,117.344,0,0
World,OWID_WRL,1910,25.669,2852.926,124.678,0,0
World,OWID_WRL,1911,25.669,2904.264,132.012,0,0
World,OWID_WRL,1912,29.336,3058.278,135.679,0,0
World,OWID_WRL,1913,29.336,3281.965,150.347,0,0
World,OWID_WRL,1914,29.336,2933.6,154.014,0,0
World,OWID_WRL,1915,33.003,2874.928,165.015,0,0
World,OWID_WRL,1916,36.67,3087.614,176.016,0,0
World,OWID_WRL,1917,40.337,3267.297,198.018,0,0
World,OWID_WRL,1918,36.67,3201.291,194.351,0,0
World,OWID_WRL,1919,36.67,2695.245,223.687,0,0
World,OWID_WRL,1920,40.337,3091.281,286.026,0,0
World,OWID_WRL,1921,36.67,2599.903,308.028,0,0
World,OWID_WRL,1922,40.337,2713.58,344.698,0,0
World,OWID_WRL,1923,51.338,3098.615,407.037,0,0
World,OWID_WRL,1924,58.672,3065.612,403.37,0,0
World,OWID_WRL,1925,62.339,3087.614,425.372,0,0
World,OWID_WRL,1926,69.673,3102.282,436.373,0,0
World,OWID_WRL,1927,77.007,3318.635,498.712,0,0
World,OWID_WRL,1928,84.341,3263.63,524.381,36.67,0
World,OWID_WRL,1929,102.676,3472.649,586.72,36.67,0
World,OWID_WRL,1930,102.676,3160.954,557.384,36.67,0
World,OWID_WRL,1931,91.675,2783.253,539.049,29.336,0
World,OWID_WRL,1932,88.008,2475.225,517.047,25.669,0
World,OWID_WRL,1933,91.675,2596.236,564.718,25.669,0
World,OWID_WRL,1934,102.676,2841.925,594.054,29.336,0
World,OWID_WRL,1935,110.01,2973.937,645.392,33.003,0
World,OWID_WRL,1936,124.678,3274.631,704.064,40.337,0
World,OWID_WRL,1937,139.346,3450.647,803.073,40.337,0
World,OWID_WRL,1938,135.679,3226.96,784.738,44.004,0
World,OWID_WRL,1939,139.346,3366.306,814.074,47.671,0
World,OWID_WRL,1940,154.014,3729.339,839.743,40.337,0
World,OWID_WRL,1941,154.014,3824.681,865.412,44.004,0
World,OWID_WRL,1942,165.015,3898.021,814.074,40.337,0
World,OWID_WRL,1943,183.35,4004.364,876.413,36.67,0
World,OWID_WRL,1944,198.018,3839.349,1008.425,25.669,0
World,OWID_WRL,1945,216.353,3006.94,1008.425,25.669,0
World,OWID_WRL,1946,223.687,3208.625,1070.764,36.67,0
World,OWID_WRL,1947,245.689,3637.664,1180.774,44.004,0
World,OWID_WRL,1948,278.692,3722.005,1334.788,51.338,0
World,OWID_WRL,1949,297.027,3520.32,1327.454,58.672,0
World,OWID_WRL,1950,355.699,3923.69,1551.141,66.006,84.341
World,OWID_WRL,1951,421.705,4140.043,1756.493,73.34,88.008
World,OWID_WRL,1952,454.708,4103.373,1848.168,80.674,95.342
World,OWID_WRL,1953,480.377,4125.375,1954.511,88.008,99.009
World,OWID_WRL,1954,506.046,4092.372,2042.519,99.009,99.009
World,OWID_WRL,1955,550.05,4429.736,2291.875,110.01,113.677
World,OWID_WRL,1956,590.387,4668.091,2489.893,117.344,117.344
World,OWID_WRL,1957,652.726,4800.103,2618.238,124.678,128.345
World,OWID_WRL,1958,704.064,4899.112,2680.577,132.012,128.345
World,OWID_WRL,1959,755.402,5067.794,2893.263,146.68,132.012
World,OWID_WRL,1960,832.409,5170.47,3113.283,157.681,143.013
World,OWID_WRL,1961,880.08,4946.783,3314.968,165.015,154.014
World,OWID_WRL,1962,964.421,4954.117,3593.66,179.683,161.348
World,OWID_WRL,1963,1048.762,5119.132,3857.684,187.017,172.349
World,OWID_WRL,1964,1158.772,5262.145,4169.379,209.019,187.017
World,OWID_WRL,1965,1235.779,5353.82,4470.073,216.353,201.685
World,OWID_WRL,1966,1334.788,5419.826,4851.441,231.021,220.02
World,OWID_WRL,1967,1437.464,5309.816,5218.141,238.355,242.022
World,OWID_WRL,1968,1554.808,5309.816,5687.517,256.69,267.691
World,OWID_WRL,1969,1712.489,5449.162,6134.891,271.358,293.36
World,OWID_WRL,1970,1807.831,5705.852,6743.613,286.026,319.029
World,OWID_WRL,1971,1943.51,5716.853,7139.649,308.028,322.696
World,OWID_WRL,1972,2053.52,5779.192,7543.019,326.363,348.365
World,OWID_WRL,1973,2156.196,5797.527,8217.747,348.365,403.37
World,OWID_WRL,1974,2189.199,5790.193,8232.415,352.032,392.369
World,OWID_WRL,1975,2214.868,6134.891,7818.044,348.365,337.364
World,OWID_WRL,1976,2310.21,6270.57,8485.438,377.701,396.036
World,OWID_WRL,1977,2383.55,6439.252,8793.466,396.036,381.368
World,OWID_WRL,1978,2493.56,6527.26,8771.464,425.372,388.702
World,OWID_WRL,1979,2643.907,6875.625,9328.848,436.373,359.366
World,OWID_WRL,1980,2702.579,7095.645,8881.474,440.04,315.362
World,OWID_WRL,1981,2768.585,6996.636,8393.763,443.707,238.355
World,OWID_WRL,1982,2706.246,7245.992,8052.732,443.707,234.688
World,OWID_WRL,1983,2709.913,7249.659,7979.392,458.375,212.686
World,OWID_WRL,1984,2959.269,7605.358,8063.733,469.376,187.017
World,OWID_WRL,1985,3061.945,8126.072,8016.062,480.377,179.683
World,OWID_WRL,1986,3043.61,8349.759,8408.431,502.379,168.682
World,OWID_WRL,1987,3270.964,8577.113,8456.102,524.381,161.348
World,OWID_WRL,1988,3428.645,8753.129,8844.804,557.384,183.35
World,OWID_WRL,1989,3600.994,8903.476,9017.153,572.052,150.347
World,OWID_WRL,1990,3755.008,8742.128,9130.83,575.719,146.68
World,OWID_WRL,1991,3850.35,8478.104,9545.201,590.387,165.015
World,OWID_WRL,1992,3975.028,8518.441,9167.5,612.389,132.012
World,OWID_WRL,1993,4096.039,8294.754,9215.171,645.392,135.679
World,OWID_WRL,1994,4154.711,8489.105,9295.845,682.062,143.013
World,OWID_WRL,1995,4224.384,8793.466,9383.853,722.399,143.013
World,OWID_WRL,1996,4400.4,8881.474,9629.542,744.401,146.68
World,OWID_WRL,1997,4382.065,8965.815,9897.233,766.403,146.68
World,OWID_WRL,1998,4492.075,8591.781,10113.586,766.403,132.012
World,OWID_WRL,1999,4613.086,8467.103,10047.58,795.739,128.345
World,OWID_WRL,2000,4712.095,8533.109,10425.281,828.742,168.682
World,OWID_WRL,2001,4811.104,8965.815,10432.615,869.079,172.349
World,OWID_WRL,2002,4932.115,9050.156,10381.277,924.084,179.683
World,OWID_WRL,2003,5097.13,9878.898,10850.653,1012.092,176.016
World,OWID_WRL,2004,5262.145,10648.968,11162.348,1092.766,198.018
World,OWID_WRL,2005,5416.159,11360.366,11254.023,1173.44,220.02
World,OWID_WRL,2006,5610.51,11980.089,11338.364,1305.452,227.354
World,OWID_WRL,2007,5724.187,12401.794,11360.366,1400.794,242.022
World,OWID_WRL,2008,5962.542,12944.51,11459.375,1422.796,253.023
World,OWID_WRL,2009,5793.86,12896.839,11239.355,1521.805,234.688
World,OWID_WRL,2010,6233.9,13916.265,11474.043,1642.816,242.022
World,OWID_WRL,2011,6461.254,14767.009,11580.386,1818.832,234.688
World,OWID_WRL,2012,6552.929,14983.362,11785.738,1906.84,238.355
World,OWID_WRL,2013,6622.602,15148.377,11793.072,2031.518,249.356